year,Maker,2WIC,2WN,2WT,3WN,3WT,4WIC,HGV,HMV,HPV,LGV,LMV,LPV,MGV,MMV,MPV,OTH,TOTAL
2024,3EV INDUSTRIES PVT LTD,0,0,0,0,51,0,0,0,0,0,0,0,0,0,0,0,51
2024,3S INDUSTRIES,0,0,0,0,385,0,0,0,0,0,0,0,0,0,0,0,385
2024,A1 HEAVY EQUIPMENTS DEVELOPER,0,0,0,0,0,0,0,0,0,0,0,0,0,0,0,9,9
2024,A-1 SUREJA INDUSTRIES,0,2,0,0,0,0,0,0,0,0,0,0,0,0,0,0,2
2024,AADHYA ENTERPRISES,0,0,0,0,239,0,0,0,0,0,0,0,0,0,0,0,239
2024,AADITYA GARBAGE PRODUCTS PVT LTD,0,0,0,0,4,0,0,0,0,0,0,0,0,0,0,0,4
2024,AAHANA COMMERCE PVT LTD,0,0,0,0,776,0,0,0,0,0,0,0,0,0,0,0,776
2024,AAKK AUTO PVT LTD,0,0,0,0,3,0,0,0,0,0,0,0,0,0,0,0,3
2024,AARON INDUSTRIES,0,0,0,0,0,0,0,0,0,1,0,0,0,0,0,0,1
2024,A.B. AGRO ENGINEERING WORKS,0,0,0,0,0,0,0,0,0,0,1,0,0,0,0,0,1
2024,ABZO MOTORS PVT LTD,0,38,0,0,0,0,0,0,0,0,0,0,0,0,0,0,38
2024,ACCRETION POWER AUTOS,0,0,0,0,221,0,0,0,0,0,0,0,0,0,0,0,221
2024,ACTION CONSTRUCTION EQUIPMENT LTD.,0,0,0,0,0,0,5,201,0,47,657,0,3,"1,559",0,"2,350","4,822"
2024,A D AGRO WORKS,0,0,0,0,0,0,0,0,0,0,0,0,0,0,0,50,50
2024,ADAPT MOTORS PVT LTD,0,0,0,0,1,0,0,0,0,1,0,0,0,0,0,0,2
2024,ADICO ESCORTS AGRI EQUIPMENTS PVT. LTD.,0,0,0,0,0,0,0,0,0,20,872,0,0,0,0,0,892
2024,ADIDEV TECHNOA PVT LTD,0,0,0,0,564,0,0,0,0,0,0,0,0,0,0,0,564
2024,ADISHAKTI TRACTORS,0,0,0,0,0,0,0,0,0,0,1,0,0,0,0,0,1
2024,ADISHWAR AUTO RIDE INDIA PVT LTD,0,109,0,0,0,0,0,0,0,0,0,0,0,0,0,0,109
2024,ADITYA AGRO INDUSTRIES,0,0,0,0,0,0,0,0,0,25,1,0,0,0,0,0,26
2024,ADITYA SAI INDUSTRIES,0,0,0,0,116,0,0,0,0,0,0,0,0,0,0,0,116
2024,ADM TECHNOLOGIES PVT. LTD.,0,0,0,0,90,0,0,0,0,0,0,0,0,0,0,0,90
2024,ADRIS ELECTRIC PVT LTD,0,7,0,0,0,0,0,0,0,0,0,0,0,0,0,0,7
2024,AFTEK MOTORS INDIA PVT LTD,0,25,0,0,0,0,0,0,0,0,0,0,0,0,0,0,25
2024,"AFZAL ENGG WORKS,JUNAGARH",0,0,0,0,0,0,0,0,0,1,0,0,0,0,0,0,1
2024,AGRI KING TRACTORS & EQUIPMENTS PVT LTD,0,0,0,0,0,0,0,0,0,0,51,0,0,0,0,0,51
2024,AGRO INDUSTRIES,0,0,0,0,0,0,0,0,0,9,38,0,0,0,0,0,47
2024,AGRO TRAILERS AP312870751,0,0,0,0,0,0,0,0,0,0,1,0,0,0,0,0,1
2024,AHMED MOTORS,0,0,0,0,0,0,0,0,0,11,0,0,0,0,0,0,11
2024,AJANTA KRUSHI YANTRA,0,0,0,0,0,0,0,0,0,0,29,0,0,0,0,0,29
2024,AJAX FIORI ENGINEERING  PVT LTD,0,0,0,0,0,0,0,134,0,0,24,0,0,52,0,"1,958","2,168"
2024,AJAX FIORI ENGINEERING PVT LTD,0,0,0,0,0,0,0,0,0,0,0,0,0,1,0,0,1
2024,AJAY ENGINEERING AND AGRICULTURAL EQUIPMENT CO.,0,0,0,0,0,0,0,0,0,0,1,0,0,0,0,0,1
2024,AJAY ENTERPRISES,0,0,0,0,0,0,0,0,0,4,0,0,0,0,0,0,4
2024,AJAY MOTORS PRIVATE LIMITED,0,0,0,0,65,0,0,0,0,0,0,0,0,0,0,0,65
2024,A.J ENTERPRISES,0,0,0,0,45,0,0,0,0,0,0,0,0,0,0,0,45
2024,AJIT ENGINEERING WORKS,0,0,0,0,0,0,0,0,0,0,1,0,0,0,0,0,1
2024,AKAL AGRO INDUSTRY,0,0,0,0,0,0,0,0,0,0,0,0,0,0,0,22,22
2024,AKASH TRAILOR,0,0,0,0,0,0,0,0,0,0,8,0,0,0,0,0,8
2024,AKG INTERNATIONAL,0,0,0,0,665,0,0,0,0,0,0,0,0,0,0,0,665
2024,A K GUPTA & CO.,0,0,0,0,256,0,0,0,0,0,0,0,0,0,0,0,256
2024,ALBEDO VISION PVT LTD,0,0,0,0,2,0,0,0,0,0,0,0,0,0,0,0,2
2024,ALLENTTI MOTORS PVT LTD,0,0,0,0,77,0,0,0,0,0,0,0,0,0,0,0,77
2024,ALLFINE INDUSTRIES PVT LTD,0,0,0,0,"4,290",0,0,0,0,0,0,0,0,0,0,0,"4,290"
2024,ALL TERRAIN CRANE,0,0,0,0,0,0,2,358,0,0,1,0,0,20,0,84,465
2024,ALPHA SERVICES,0,0,0,0,0,0,0,0,0,0,0,0,0,0,0,4,4
2024,ALTIER ELECTRIC VEHICLES PVT LTD,0,0,0,0,"1,309",0,0,0,0,0,0,0,0,0,0,0,"1,309"
2024,ALTIGREEN PROPULSION LABS PVT LTD,0,0,0,0,785,0,0,0,0,2,0,0,0,0,0,0,787
2024,ALTIUS EV TECH PVT LTD,0,10,0,0,0,0,0,0,0,0,0,0,0,0,0,0,10
2024,ALTIUS TECHNOLOGIES,0,0,0,0,3,0,0,0,0,0,0,0,0,0,0,0,3
2024,AMAN AGRO INDUSTRIES,0,0,0,0,0,0,0,0,0,16,1,0,0,0,0,0,17
2024,AMAN AUTOMOBILES,0,0,0,0,39,0,0,0,0,0,0,0,0,0,0,0,39
2024,AMAN ELECTRICAL VEHICLES,0,0,0,0,247,0,0,0,0,0,0,0,0,0,0,0,247
2024,AMAR ENGG. WORKS,0,0,0,0,0,0,0,0,0,0,0,0,0,0,0,4,4
2024,AMARJEET HARVESTER INDUSTRY,0,0,0,0,0,0,0,0,0,0,0,0,0,0,0,17,17
2024,AMBIKA ENTERPRISES,0,0,0,0,30,0,0,0,0,0,0,0,0,0,0,0,30
2024,AMBIKA INDUSTRIES,0,0,0,0,717,0,0,0,0,0,0,0,0,0,0,0,717
2024,AMMANN APOLLO INDIA PVT LTD,0,0,0,0,0,0,0,0,0,0,1,0,0,0,0,111,112
2024,AMO MOBILITY SOLUTIONS PVT LTD,0,62,0,0,0,0,0,0,0,0,0,0,0,0,0,0,62
2024,AMPERE VEHICLES PRIVATE LIMITED,0,708,0,0,0,0,0,0,0,0,0,0,0,0,0,0,708
2024,AMRIT AGRO INDUSTRIES,0,0,0,0,0,0,0,0,0,2,0,0,0,0,0,0,2
2024,"AMRIT ENGG WORKS,DKL",0,0,0,0,0,0,0,0,0,30,0,0,0,0,0,0,30
2024,AMW MOTORCYCLES BANGALORE PVT LTD,0,3,0,0,0,0,0,0,0,0,0,0,0,0,0,0,3
2024,AMW MOTORS LIMITED,0,0,0,0,0,0,1,0,0,0,0,0,0,0,0,0,1
2024,ANCHI MOTORCYCLE  (IMPORTER: ECOTRINITY AUTOMOBILE,0,20,0,0,0,0,0,0,0,0,0,0,0,0,0,0,20
2024,ANCHI MOTORCYCLE (IMPORTER: EVNEXUX PVT. LTD.),0,2,0,0,0,0,0,0,0,0,0,0,0,0,0,0,2
2024,ANCHI MOTORCYCLE(IMPORTER:GREEN FUEL ALTERNATIVES),0,5,0,0,0,0,0,0,0,0,0,0,0,0,0,0,5
2024,ANCHI MOTORCYCLE (IMPORTER: YED ELECTRIC),0,39,0,0,0,0,0,0,0,0,0,0,0,0,0,0,39
2024,ANGAD AGRO INDUSTRIES,0,0,0,0,0,0,0,0,0,0,0,0,0,0,0,4,4
2024,ANJALI AUTO COMPONENTS,0,0,0,0,19,0,0,0,0,0,0,0,0,0,0,0,19
2024,ANJALI TRADERS,0,0,0,0,37,0,0,0,0,0,0,0,0,0,0,0,37
2024,ANOOP CYLINDERS PVT LTD,0,0,0,0,5,0,0,0,0,0,0,0,0,0,0,0,5
2024,APARNA INDUSTRIES,0,0,0,0,28,0,0,0,0,0,0,0,0,0,0,0,28
2024,A P I MOTORS PVT LTD,0,0,0,0,279,0,0,0,0,0,0,0,0,0,0,0,279
2024,APM AUTO SALES,0,0,0,0,236,0,0,0,0,0,0,0,0,0,0,0,236
2024,APOLLO CARMIX EQUIPMENTS PVT LTD,0,0,0,0,0,0,0,0,0,0,0,0,0,5,0,56,61
2024,APSARA ENTERPRISE,0,0,0,0,351,0,0,0,0,0,0,0,0,0,0,0,351
2024,APTEC EQUIPMENT PRIVATE LIMITED,0,0,0,0,0,0,0,0,0,0,0,0,0,0,0,6,6
2024,A R AGRO TECH,0,0,0,0,0,0,0,0,0,0,0,0,0,0,0,11,11
2024,ARCHIT ENTERPRISES,0,0,0,0,518,0,0,0,0,0,0,0,0,0,0,0,518
2024,ARD EXIM,0,0,0,0,27,0,0,0,0,0,0,0,0,0,0,0,27
2024,ARMIX CONSTRUCTION MACHINERY PVT LTD,0,0,0,0,0,0,0,0,0,0,0,0,0,0,0,6,6
2024,A.R. MOTOR,0,0,0,0,48,0,0,0,0,0,0,0,0,0,0,0,48
2024,ARNA ELECTRIC AUTO PVT LTD,0,0,0,0,68,0,0,0,0,0,0,0,0,0,0,0,68
2024,ARROW AUTOMOTIVE,0,0,0,0,"1,285",0,0,0,0,0,0,0,0,0,0,0,"1,285"
2024,ASAV AUTOMOTIVE PVT LTD,0,0,0,0,1,0,0,0,0,0,0,0,0,0,0,0,1
2024,ASHA IMPEX,0,0,0,0,81,0,0,0,0,0,0,0,0,0,0,0,81
2024,ASHA METAL INDUSTRIES,0,0,0,0,0,0,0,0,0,1,0,0,0,0,0,0,1
2024,ASHMA-MOTORS PVT LTD,0,0,0,0,513,0,0,0,0,0,0,0,0,0,0,0,513
2024,"ASHOK FABRIC & ENGG,RAIRAKHOL",0,0,0,0,0,0,0,2,0,2,0,0,0,0,0,0,4
2024,ASHOK LEYLAND DEFENCE SYSTEMS LTD,0,0,0,0,0,0,0,0,0,0,0,0,0,0,0,54,54
2024,ASHOK LEYLAND LTD,0,0,0,0,0,0,"40,323",189,"7,397","23,612",55,868,"1,966",39,"1,577",326,"76,352"
2024,ASHWA ELECTRIC,0,0,0,0,1,0,0,0,0,0,0,0,0,0,0,0,1
2024,ASIA BODY BUILDERS & MANUFACTURERS,0,0,0,0,0,0,0,0,0,0,0,0,0,0,0,2,2
2024,ASSAM FABRICATION WORKS,0,0,0,0,0,0,0,0,0,50,0,0,0,0,0,0,50
2024,ASSAM SAII MOTORS P LTD,0,0,0,0,0,0,0,0,0,1,0,0,0,0,0,0,1
2024,ASTON MARTIN LAGONDA LTD,0,0,0,0,0,0,0,0,0,0,5,0,0,0,0,0,5
2024,ATHER ENERGY PVT LTD,0,"46,134",50,0,0,0,0,0,0,0,0,0,0,0,0,0,"46,184"
2024,ATTOLENT AUTO GROUP PVT LTD,0,0,0,0,310,0,0,0,0,0,0,0,0,0,0,0,310
2024,ATUL AUTO LTD,0,0,0,6,"10,488",0,0,0,0,1,0,0,0,0,0,0,"10,495"
2024,ATUL GREENTECH PRIVATE LIMITED,0,0,0,0,214,0,0,0,0,0,0,0,0,0,0,0,214
2024,ATUMOBILE PVT LTD,0,20,0,0,0,0,0,0,0,0,0,0,0,0,0,0,20
2024,ATUT SANGAM,0,0,0,0,"1,117",0,0,0,0,0,0,0,0,0,0,0,"1,117"
2024,AUDI AG,0,0,0,0,0,0,0,0,0,0,265,1,0,0,0,0,266
2024,AUM ENGINEERING AND WORKS,0,0,0,0,0,0,6,0,0,0,0,0,0,0,0,0,6
2024,AUTOECO GREEN ENERGY PVT LTD,0,0,0,0,391,0,0,0,0,0,0,0,0,0,0,0,391
2024,AUTOHAUS PRIVATE LIMITED,0,0,0,0,2,0,0,0,0,0,0,0,0,0,0,0,2
2024,AUTOLITE (INDIA) LIMITED,0,0,0,0,1,0,0,0,0,0,0,0,0,0,0,0,1
2024,AUTOMOBILI LAMBORGHINI S.P.A,0,0,0,0,0,0,0,0,0,0,33,0,0,0,0,0,33
2024,A.V.AUTOMOTIVES PVT LTD,0,0,0,0,489,0,0,0,0,0,0,0,0,0,0,0,489
2024,AVL ELECTRIC VEHICLES,0,0,0,0,"1,318",0,0,0,0,0,0,0,0,0,0,0,"1,318"
2024,AVON CYCLES LTD,0,0,0,0,324,0,0,0,0,0,0,0,0,0,0,0,324
2024,AVTAR ENGINEERING WORKS,0,0,0,0,0,0,0,0,0,0,0,0,0,0,0,9,9
2024,AWACHAT INDUSTRIES LTD,0,0,0,0,0,0,0,0,0,14,527,0,0,2,0,0,543
2024,AYAAN ELECTRONIC PVT LTD,0,22,0,0,0,0,0,0,0,0,0,0,0,0,0,0,22
2024,BABA E-VEHICLES,0,0,0,0,372,0,0,0,0,0,0,0,0,0,0,0,372
2024,BABA HARI DAS FABRICATION,0,0,0,0,0,0,0,0,0,3,0,0,0,0,0,0,3
2024,BABAJI ENGINEERING TRAILOR WORKS,0,0,0,0,0,0,0,0,0,15,0,0,0,0,0,0,15
2024,BABA PRODUCT,0,0,0,0,0,0,0,0,0,70,0,0,0,0,0,0,70
2024,BAGHWAN RIKSHAW UDYOG,0,0,0,0,19,0,0,0,0,0,0,0,0,0,0,0,19
2024,BAILI MOTOR (IMPORTER:A B MOTOSS EV PVT LTD),0,3,0,0,0,0,0,0,0,0,0,0,0,0,0,0,3
2024,BAJAJ AUTO LTD,1,"9,05,757",205,154,"1,75,606",0,0,0,0,23,26,190,0,0,0,0,"10,81,962"
2024,BAJAJ IMPLEMENTS PVT. LTD,0,0,0,0,367,0,0,0,0,0,0,0,0,0,0,0,367
2024,BALAJEE ENGINEERING,0,0,0,0,0,0,0,0,0,0,6,0,0,0,0,0,6
2024,BALAJI AGRO INDUSTRIES,0,0,0,0,0,0,0,0,0,0,27,0,0,0,0,0,27
2024,BALAJI ENGINEERING,0,0,0,0,0,0,0,0,0,0,2,0,0,0,0,0,2
2024,BALAJI TRADING COMPANY,0,0,0,0,15,0,0,0,0,0,0,0,0,0,0,0,15
2024,BALAN ENGINEERING PVT LTD,0,0,0,0,110,0,0,0,0,0,0,0,0,0,0,0,110
2024,BAL GOPAL WHEELS PVT LTD,0,0,0,0,76,0,0,0,0,0,0,0,0,0,0,0,76
2024,BALI AUTO INDUSTRIES,0,0,0,0,112,0,0,0,0,0,0,0,0,0,0,0,112
2024,BANKU BODY BUILDER,0,0,0,0,0,0,0,0,0,12,0,0,0,0,0,0,12
2024,BANSAL AGRICULTURE IMPLEMENTS,0,0,0,0,0,0,0,0,0,0,0,0,0,0,0,1,1
2024,BAREJA AUTOMOTIVE,0,0,0,0,539,0,0,0,0,0,0,0,0,0,0,0,539
2024,"BASUDEB ENGINEERING, CUTTACK",0,0,0,0,0,0,0,0,0,5,0,0,0,0,0,0,5
2024,BATTRE ELECTRIC MOBLITY PVT LTD,0,"1,423",0,0,0,0,0,0,0,0,0,0,0,0,0,0,"1,423"
2024,"BAUTI ENGINEERING,NAYAGARH",0,0,0,0,0,0,0,0,0,2,0,0,0,0,0,0,2
2024,BAXY LTD,0,0,0,0,"1,620",0,0,0,0,0,0,0,0,0,0,0,"1,620"
2024,BEING INDIA ENERGY AND TECHNOLOGY PVT LTD,0,341,0,0,0,0,0,0,0,0,0,0,0,0,0,0,341
2024,BEML LIMITED,0,0,0,0,0,0,0,0,0,0,0,0,0,0,0,6,6
2024,BENTINCK INDUSTRIES PVT. LTD.,0,0,0,0,104,0,0,0,0,0,0,0,0,0,0,0,104
2024,BENTLEY MOTORS LTD,0,0,0,0,0,0,0,0,0,0,30,0,0,0,0,0,30
2024,BEST WAY AGENCIES PVT LTD,0,0,0,0,"2,462",0,0,0,0,0,0,0,0,0,0,0,"2,462"
2024,BESTWAY BANARASH,0,0,0,0,8,0,0,0,0,0,0,0,0,0,0,0,8
2024,BGAUSS AUTO PRIVATE LIMITED,0,"7,681",180,0,0,0,0,0,0,0,0,0,0,0,0,0,"7,861"
2024,BHADAURIA ENTERPRISES,0,0,0,0,60,0,0,0,0,0,0,0,0,0,0,0,60
2024,BHAGAT AGRO INDUSTRIES,0,0,0,0,0,0,0,0,0,0,2,0,0,0,0,0,2
2024,BHAGWAN AGRO INDUSTRIES,0,0,0,0,0,0,0,0,0,0,1,0,0,0,0,10,11
2024,BHAGYALAXMI TRAILER,0,0,0,0,0,0,0,0,0,0,2,0,0,0,0,0,2
2024,BHARAT ENGINEERING WORKS,0,0,0,0,0,0,0,0,0,0,2,0,0,0,0,0,2
2024,BHARATH AGRO PRODUCTS,0,0,0,0,0,0,0,0,0,0,5,0,0,0,0,0,5
2024,BHAVE ELECTRIC VEHICLES PVT LTD,0,0,0,0,"1,030",0,0,0,0,0,0,0,0,0,0,0,"1,030"
2024,BHM INDUSTRIES,0,0,0,0,953,0,0,0,0,0,0,0,0,0,0,0,953
2024,BHOGAL COMBINE SPARE PARTS,0,0,0,0,0,0,0,0,0,0,0,0,0,0,0,13,13
2024,BHOYAR AGRO IND WARDHA,0,0,0,0,0,0,0,0,0,17,26,0,0,0,0,0,43
2024,BIDISHA ENTERPRISES PVT LTD,0,0,0,0,0,0,0,0,0,6,0,0,0,0,0,0,6
2024,BIG BULL TRADER PVT LTD,0,0,0,0,635,0,0,0,0,0,0,0,0,0,0,0,635
2024,BIJNOR ENTERPRISES,0,0,0,0,11,0,0,0,0,0,0,0,0,0,0,0,11
2024,BISWAS ENGINEERING WORKS,0,0,0,0,0,0,0,0,0,2,0,0,0,0,0,0,2
2024,BLIX CYCLES AND E-VEHICLES PVT LTD,0,4,0,0,0,0,0,0,0,0,0,0,0,0,0,0,4
2024,BLUE ENERGY COMMERCIAL VEHICLES PVT. LTD.,0,0,0,0,0,0,151,0,0,0,0,0,0,0,0,0,151
2024,BMW INDIA PVT LTD,0,"2,778",6,0,0,0,0,0,0,0,"5,809",48,0,0,0,0,"8,641"
2024,BOOMA INNOVATIVE TRANSPORT SULUTIONS PVT LTD,0,192,0,0,0,0,0,0,0,0,0,0,0,0,0,0,192
2024,BRIGHT AUTOZONE PVT LTD,0,0,0,0,"1,252",0,0,0,0,0,0,0,0,0,0,0,"1,252"
2024,BSERAIL ENGINEERING PVT LTD,0,0,0,0,16,0,0,0,0,0,0,0,0,0,0,0,16
2024,BSMS AGRICULTURE WORKSHOP,0,0,0,0,0,0,0,0,0,0,0,0,0,0,0,14,14
2024,BULL MACHINES PVT LTD,0,0,0,0,0,0,0,12,0,0,13,0,0,27,0,480,532
2024,BYD AUTO,0,0,0,0,0,0,0,0,0,0,1,0,0,0,0,0,1
2024,BYD INDIA PRIVATE LIMITED,0,0,0,0,0,0,77,0,0,0,658,111,0,0,0,0,846
2024,CAPCO INDUSTRIES PVT LTD,0,0,0,0,30,0,0,0,0,1,0,0,0,0,0,0,31
2024,CAPITAL AUTO INDUSTRIES,0,0,0,0,814,0,0,0,0,0,0,0,0,0,0,0,814
2024,CAPTAIN TRACTORS PVT. LTD.,0,0,0,0,0,0,0,0,0,49,"1,743",0,0,0,0,0,"1,792"
2024,CARREE YUNUS VEHICLE PVT LTD,0,0,0,0,18,0,0,0,0,0,0,0,0,0,0,0,18
2024,CART INDIA,0,0,0,0,319,0,0,0,0,0,0,0,0,0,0,0,319
2024,CASE NEW HOLLAND CONSTRUCTION EQUIPMENT(I) PVT LTD,0,0,0,0,0,0,0,7,0,0,12,0,1,88,0,741,849
2024,CATERPILLAR INDIA PRIVATE LIMITED,0,0,0,0,0,0,3,180,0,0,3,0,0,185,0,567,938
2024,CEEON INDIA,0,0,0,0,296,0,0,0,0,0,0,0,0,0,0,0,296
2024,CELLETRON MOTOR WORKS,0,0,0,0,76,0,0,0,0,0,0,0,0,0,0,0,76
2024,CHAANY AGRO INDUSTRIES,0,0,0,0,0,0,0,0,0,0,0,0,0,0,0,2,2
2024,CHAMPION POLY PLAST,0,0,0,1,"4,631",0,0,0,0,0,0,0,0,0,0,0,"4,632"
2024,CHANDAKE-AUTOMOBILES LLP,0,0,0,0,13,0,0,0,0,0,0,0,0,0,0,0,13
2024,CHANDANA CORPORATION,0,91,0,0,0,0,0,0,0,0,0,0,0,0,0,0,91
2024,CHANNY AGRO INDUSTRIES,0,0,0,0,0,0,0,0,0,0,0,0,0,0,0,8,8
2024,CHAUHAN AUTO INDUSTRIES,0,0,0,0,294,0,0,0,0,0,0,0,0,0,0,0,294
2024,CHEHAK BATTERIES,0,0,0,0,150,0,0,0,0,0,0,0,0,0,0,0,150
2024,CHETAK TECHNOLOGY LIMITED,0,4,0,0,0,0,0,0,0,0,0,0,0,0,0,0,4
2024,CHEVROLET SALES INDIA PVT LTD,0,0,0,0,0,0,0,0,0,0,1,0,0,0,0,0,1
2024,CHINA HAOCHEN (IMPORTER: ADMS MARKETING),0,95,0,0,0,0,0,0,0,0,0,0,0,0,0,0,95
2024,CHINA HAOCHEN (IMPORTER:SLSR ELECTRO),0,10,0,0,0,0,0,0,0,0,0,0,0,0,0,0,10
2024,CITADEL ENTERPRISES(OPC) PVT LTD,0,0,0,0,8,0,0,0,0,0,0,0,0,0,0,0,8
2024,CITYGREEN AUTO & PETRO CHEMICALS (P) LTD,0,0,0,0,209,0,0,0,0,0,0,0,0,0,0,0,209
2024,CIVIMEC ENGINEERING PVT LTD,0,0,0,0,0,0,0,0,0,0,0,0,0,0,0,1,1
2024,CLAAS INDIA P LTD,0,0,0,0,0,0,0,0,0,0,0,0,0,0,0,31,31
2024,CLASSIC LEGENDS PVT LTD,0,"13,364",0,0,0,0,0,0,0,0,0,0,0,0,0,0,"13,364"
2024,C M OVERSEAS,0,0,0,0,12,0,0,0,0,0,0,0,0,0,0,0,12
2024,CNH INDUSTRIAL (INDIA) PVT LTD,0,0,0,0,0,0,0,0,0,482,"14,559",0,0,76,0,210,"15,327"
2024,CONTINENTAL ENGINES PVT LTD,0,0,0,1,565,0,0,0,0,1,0,0,0,0,0,0,567
2024,CRANE KRAFT INDIA PRIVATE LIMITED,0,0,0,0,0,0,0,1,0,0,0,0,0,99,0,11,111
2024,CREATIVE ENGINEERINGS,0,0,0,0,0,0,0,0,0,0,1,0,0,0,0,0,1
2024,CYRUS AUTO INDUSTRIES PVT LTD,0,0,0,0,25,0,0,0,0,0,0,0,0,0,0,0,25
2024,DABASIYA LOADERS,0,0,0,0,0,0,0,0,0,0,0,0,0,0,0,3,3
2024,DAIMLER AG,0,0,0,0,0,0,0,4,0,0,0,1,0,0,0,3,8
2024,DAIMLER INDIA COMMERCIAL VEHICLES PVT. LTD,0,0,0,0,0,0,"8,566",14,305,0,5,0,539,6,365,17,"9,817"
2024,DAKSH INDUSTRIES,0,0,0,0,"2,871",0,0,0,0,0,0,0,0,0,0,0,"2,871"
2024,DAO EVTECH PRIVATE LIMITED,0,65,0,0,0,0,0,0,0,0,0,0,0,0,0,0,65
2024,DASHMESH TRADERS,0,0,0,0,58,0,0,0,0,0,0,0,0,0,0,0,58
2024,DASMESH AGRICULTURAL INDUSTRIES PVT LTD,0,0,0,0,0,0,0,0,0,0,0,0,0,0,0,1,1
2024,DASMESH AGRICULTURE WORKS,0,0,0,0,0,0,0,0,0,0,0,0,0,0,0,15,15
2024,DASMESH MECHANICAL WORKS PVT.LTD,0,0,0,0,0,0,0,0,0,0,1,0,0,0,0,209,210
2024,DAVE EXIM PVT LTD,0,0,0,0,73,0,0,0,0,0,0,0,0,0,0,0,73
2024,DEEP DRAWN TECHNOLOGIES,0,0,0,0,11,0,0,0,0,0,0,0,0,0,0,0,11
2024,"DEEPTI ENGINEERING AND IRON AND STEEL INDUSTRY, MALKANGIRI",0,0,0,0,0,0,0,0,0,12,0,0,0,0,0,0,12
2024,DELTA AUTOCORP LLP,0,0,0,0,941,0,0,0,0,0,0,0,0,0,0,0,941
2024,DELTEK ENTERPRISES PVT LTD,0,0,0,0,11,0,0,0,0,0,0,0,0,0,0,0,11
2024,DEMAG DEMAG HC 340,0,0,0,0,0,0,0,0,0,0,0,0,0,0,0,2,2
2024,DEV AGRO INDUSTRIES,0,0,0,0,0,0,0,0,0,0,0,0,0,0,0,5,5
2024,DEVAM ELECTRIC VEHICLES PVT LTD,0,0,0,0,68,0,0,0,0,0,0,0,0,0,0,0,68
2024,DEVANGI ENG..,0,0,0,0,0,0,0,0,0,113,1,0,0,0,0,0,114
2024,DEV ENGINEERING WORKS,0,0,0,0,0,0,0,0,0,3,0,0,0,0,0,0,3
2024,DEV MOTORS,0,0,0,0,74,0,0,0,0,0,0,0,0,0,0,0,74
2024,DEWAN AGRICULTURE WORKS,0,0,0,0,0,0,0,0,0,0,0,0,0,0,0,22,22
2024,DHANALAKSHMI ENGINEERING WORKS,0,0,0,0,0,0,0,0,0,9,0,0,0,0,0,0,9
2024,DHANLAXMI FABRICATORS,0,0,0,0,0,0,0,0,0,0,1,0,0,0,0,0,1
2024,DHANNLAXMI AUTOWORKS,0,0,0,0,0,0,0,0,0,1,0,0,0,0,0,0,1
2024,DHAR IN PVT LTD,0,0,0,0,12,0,0,0,0,0,0,0,0,0,0,0,12
2024,DHAR INTERNATIONAL,0,0,0,0,7,0,0,0,0,0,0,0,0,0,0,0,7
2024,DHIMAN AGRICULTURE,0,0,0,0,0,0,0,0,0,0,0,0,0,0,0,10,10
2024,DHIMAN AGRICULTURE WORKS,0,0,0,0,0,0,0,0,0,0,0,0,0,0,0,1,1
2024,DHIMAN AGRO INDUSTRIES,0,0,0,0,0,0,0,0,0,0,1,0,0,0,0,0,1
2024,DHRITI ENTERPRISES,0,0,0,0,37,0,0,0,0,0,0,0,0,0,0,0,37
2024,"DIAMOND ENGG,CTC",0,0,0,0,0,0,0,0,0,18,0,0,0,0,0,0,18
2024,DIAMOND E VEHICLES,0,0,0,0,149,0,0,0,0,0,0,0,0,0,0,0,149
2024,DILIGENT MOBILITY SERVICE PVT LTD,0,0,0,0,1,0,0,0,0,0,0,0,0,0,0,0,1
2024,DILLI ELECTRIC AUTO PVT LTD,0,0,0,10,"10,069",0,0,0,0,0,0,0,0,0,0,0,"10,079"
2024,DIVANSU AUTOMOBILES LTD,0,0,0,0,28,0,0,0,0,0,0,0,0,0,0,0,28
2024,DIVYA ENTERPRISES,0,0,0,0,308,0,0,0,0,0,0,0,0,0,0,0,308
2024,D K DIESELS PVT LTD,0,0,0,0,0,0,0,0,0,0,4,0,0,0,0,0,4
2024,D.K. MOTORS,0,0,0,0,3,0,0,0,0,0,0,0,0,0,0,0,3
2024,DODGE MOTORS,0,0,0,0,0,0,0,0,0,0,1,0,0,0,0,0,1
2024,DONGMA VEHICLE (IMPORTER: MERCURY METALS),0,1,0,0,23,0,0,0,0,0,0,0,0,0,0,0,24
2024,DOOSAN BOBCAT INDIA PVT LTD,0,0,0,0,0,0,0,2,0,0,17,0,0,23,0,246,288
2024,D S INDUSTRIES,0,0,0,0,2,0,0,0,0,0,0,0,0,0,0,0,2
2024,DSR EV MOBILITY PVT LTD,0,0,0,1,11,0,0,0,0,0,0,0,0,0,0,0,12
2024,DUCATI INDIA PVT LTD,0,174,0,0,0,0,0,0,0,0,0,0,0,0,0,0,174
2024,DUCATI MOTOR HOLDING S.P.A,0,1,0,0,0,0,0,0,0,0,0,0,0,0,0,0,1
2024,DUKE AUTO INDIA,0,0,0,0,334,0,0,0,0,0,0,0,0,0,0,0,334
2024,DULEVO INDIA PVT LTD,0,0,0,0,0,0,0,0,0,0,0,0,0,0,0,17,17
2024,"DURGA AGRO ENGG,BALASORE",0,0,0,0,0,0,0,0,0,10,0,0,0,0,0,0,10
2024,"DURGA&DURGA ENGG WORKS,BHMPUR",0,0,0,0,0,0,0,0,0,8,0,0,0,0,0,0,8
2024,"DURGA & DURGA ENG WORKS, HALADIAPADAR, GANJAM",0,0,0,0,0,0,0,0,0,4,0,0,0,0,0,0,4
2024,DURGA ENGINEERING WORKS,0,0,0,0,0,0,0,0,0,16,0,0,0,0,0,0,16
2024,"DWARI ENGG WORKS,SAMBALPUR",0,0,0,0,0,0,0,0,0,1,0,0,0,0,0,0,1
2024,DYNAPAC ROAD CONSTRUCTION EQUIPMENT INDIA PVT LTD,0,0,0,0,0,0,0,0,0,0,0,0,0,0,0,105,105
2024,DYS IMPEX PRIVATE LIMITED,0,0,0,0,354,0,0,0,0,0,0,0,0,0,0,0,354
2024,E-ASHWA AUTOMOTIVE (HS 2W) PVT LTD,0,1,0,0,0,0,0,0,0,0,0,0,0,0,0,0,1
2024,E-ASHWA AUTOMOTIVE PVT LTD,0,0,0,0,65,0,0,0,0,0,0,0,0,0,0,0,65
2024,EBUZZ MOBILITY LLP,0,0,0,0,9,0,0,0,0,0,0,0,0,0,0,0,9
2024,ECOBIT INTERNATIONAL(IMPORTER: JHEV MOTORS),0,39,0,0,0,0,0,0,0,0,0,0,0,0,0,0,39
2024,ECO-FRIENDLY ELECTRIC VEHICLE PVT LTD,0,0,0,0,100,0,0,0,0,0,0,0,0,0,0,0,100
2024,ECO FUEL SYSTEMS (I) PVT LTD,0,92,0,0,0,0,0,0,0,0,0,0,0,0,0,0,92
2024,ECO SMART VEHICLES PVT LTD,0,0,0,0,596,0,0,0,0,0,0,0,0,0,0,0,596
2024,EDMRC MANNSCHAFT LLP,0,0,0,0,17,0,0,0,0,0,0,0,0,0,0,0,17
2024,EFEV CHARGING SOLUTION PVT LTD,0,0,0,0,117,0,0,0,0,0,0,0,0,0,0,0,117
2024,E-GURU AUTO ENERGY,0,0,0,0,147,0,0,0,0,0,0,0,0,0,0,0,147
2024,EICHER MOTORS LTD,0,1,0,0,0,0,2,0,0,0,4,0,3,1,1,0,12
2024,EICHER TRACTORS,0,0,0,0,0,0,0,0,0,"1,760","23,612",1,0,19,0,5,"25,397"
2024,EIMCO ELECON,0,0,0,0,0,0,0,6,0,0,0,0,0,0,0,1,7
2024,ELECTRA INTERNATIONAL,0,0,0,0,2,0,0,0,0,0,0,0,0,0,0,0,2
2024,ELECTRECA VEHICLES,0,38,0,0,0,0,0,0,0,0,0,0,0,0,0,0,38
2024,ELECTRIC ALLIANCE(IMPORTER: ELLYSIUM AUTOMOTIVES),0,2,0,0,0,0,0,0,0,0,0,0,0,0,0,0,2
2024,ELEPHANTA INDUSTRIES PVT LTD,0,0,0,0,3,0,0,0,0,0,0,0,0,0,0,0,3
2024,ELGIN SWEEPER CO USA,0,0,0,0,0,0,0,1,0,0,0,0,0,0,0,0,1
2024,ELITE AUTO ENGINEERS PVT LTD,0,0,0,0,714,0,0,0,0,0,0,0,0,0,0,0,714
2024,ELSA CONCRETING MACHINERY INDIA PVT LTD,0,0,0,0,0,0,0,0,0,0,0,0,0,0,0,9,9
2024,ELTHOR ENERGY PRIVATE LIMITED,0,32,0,0,0,0,0,0,0,0,0,0,0,0,0,0,32
2024,E-MOTION AUTOMOTIVE INDUSTRY LLP,0,0,0,0,202,0,0,0,0,0,0,0,0,0,0,0,202
2024,EMPTY,0,0,0,0,455,0,0,0,0,0,0,0,0,0,0,0,455
2024,ENERGY ELECTRIC VEHICLES,0,0,0,0,"5,036",0,0,0,0,0,0,0,0,0,0,0,"5,036"
2024,ENGINIA VEHICLES PVT LTD,0,0,0,0,89,0,0,0,0,0,0,0,0,0,0,0,89
2024,ENGTIAN ELECTRIC BIKE PVT LTD,0,165,0,0,0,0,0,0,0,0,0,0,0,0,0,0,165
2024,ENIGMA AUTOMOBILES PVT LTD,0,5,0,0,0,0,0,0,0,0,0,0,0,0,0,0,5
2024,ENTICE IMPEX PVT LTD,0,0,0,5,384,0,0,0,0,0,0,0,0,0,0,0,389
2024,EPOWER VEHICLES PVT LTD,0,0,0,0,2,0,0,0,0,0,0,0,0,0,0,0,2
2024,ERISHA E MOBILITY PVT LTD,0,0,0,0,44,0,0,0,0,1,0,0,0,0,0,0,45
2024,E ROYCE MOTORS INDIA PVT LTD,0,0,0,0,245,0,0,0,0,0,0,0,0,0,0,0,245
2024,ESCORTS CONSTRUCTION EQUIPMENT LTD,0,0,0,0,0,0,0,0,0,0,5,0,0,0,0,2,7
2024,ESCORTS LIMITED (AGRI MACHINERY GROUP),0,0,0,0,0,0,0,0,0,"2,399","34,580",0,0,45,0,10,"37,034"
2024,ESCORTS LIMITED (CONSTRUCTION EQUIPMENT),0,0,0,0,0,0,0,385,0,0,6,0,5,140,0,"2,082","2,618"
2024,ESCORTS R&D CENTRE,0,0,0,0,0,0,0,0,0,0,1,0,0,0,0,0,1
2024,ESCORTS TRACTORS LTD,0,0,0,0,0,0,0,0,0,1,9,0,0,0,0,0,10
2024,E-SPRINTO GREEN ENERGY PVT LTD,0,39,0,0,0,0,0,0,0,0,0,0,0,0,0,0,39
2024,ESSAR ENGINEERING,0,0,0,0,0,0,0,0,0,10,0,0,0,0,0,0,10
2024,ETRIO AUTOMOBILES PVT LTD,0,0,0,0,4,0,0,0,0,0,0,0,0,0,0,0,4
2024,EULER MOTORS PVT LTD,0,0,0,0,"1,661",0,0,0,0,0,0,0,0,0,0,0,"1,661"
2024,EUSI MOTORS PVT LTD,0,0,0,0,684,0,0,0,0,0,0,0,0,0,0,0,684
2024,EVAGE AUTOMOTIVE PVT LTD,0,0,0,0,0,0,0,0,0,59,0,0,0,0,0,0,59
2024,EVAX INDIA,0,0,0,0,26,0,0,0,0,0,0,0,0,0,0,0,26
2024,EVBHARAT RANGE PRIVATE LIMITED,0,0,0,0,9,0,0,0,0,0,0,0,0,0,0,0,9
2024,EVCO AUTOMOBILES PVT LTD,0,0,0,0,111,0,0,0,0,0,0,0,0,0,0,0,111
2024,EVOLUTION AUTOTECH,0,0,0,0,2,0,0,0,0,0,0,0,0,0,0,0,2
2024,EVTRIC MOTORS PVT LTD,0,111,0,0,0,0,0,0,0,0,0,0,0,0,0,0,111
2024,EXERVAL PVT LTD,0,11,0,0,0,0,0,0,0,0,0,0,0,0,0,0,11
2024,EXIDE INDUSTRIES LTD,0,0,0,0,964,0,0,0,0,0,0,0,0,0,0,0,964
2024,EXTRA FAST SOLUTIONS,0,0,0,0,330,0,0,0,0,0,0,0,0,0,0,0,330
2024,EXTREME MOTORS,0,0,0,0,68,0,0,0,0,0,0,0,0,0,0,0,68
2024,EYUG AUTOMOBILE PVT LTD,0,0,0,0,6,0,0,0,0,0,0,0,0,0,0,0,6
2024,FARMTECH AGRO INDUSTRIES,0,0,0,0,0,0,0,0,0,0,2,0,0,0,0,9,11
2024,FEDE INDUSTRIES PVT LTD,0,0,0,0,306,0,0,0,0,0,0,0,0,0,0,0,306
2024,FERRARI INDIA PRIVATE LIMITED,0,0,0,0,0,0,0,0,0,0,4,0,0,0,0,0,4
2024,FIADO INDUSTRIES PVT LTD,0,50,0,0,0,0,0,0,0,0,0,0,0,0,0,0,50
2024,FIAT INDIA AUTOMOBILES PVT LTD,0,0,0,0,0,1,0,0,0,0,"1,984",2,0,0,0,0,"1,987"
2024,FIELDTRACK EARTHMOVERS PVT LTD,0,0,0,0,0,0,0,0,0,0,48,0,0,0,0,0,48
2024,FINE EQUIPMENTS INDIA PVT LTD,0,0,0,0,0,0,0,0,0,0,0,0,0,0,0,3,3
2024,FIORI CONCRETE MACHINES INDIA PVT LTD,0,0,0,0,0,0,0,0,0,0,6,0,0,1,0,5,12
2024,FIRST CHOICE ELECTRIC VEHICLES PVT LTD,0,0,0,0,225,0,0,0,0,0,0,0,0,0,0,0,225
2024,FIVE ELEMENTS,0,0,0,0,69,0,0,0,0,0,0,0,0,0,0,0,69
2024,"FORCE MOTORS LIMITED, A FIRODIA ENTERPRISE",0,0,0,0,0,0,0,0,9,381,"1,787","10,534",1,14,340,254,"13,320"
2024,FORD INDIA PVT LTD,0,0,0,0,0,0,0,0,0,0,18,1,0,0,0,0,19
2024,FRN MOTORS PVT LTD,0,0,0,0,2,0,0,0,0,0,0,0,0,0,0,0,2
2024,FSTMOTO (IMPORTER: AUTOICARE INNOVATION),0,15,0,0,0,0,0,0,0,0,0,0,0,0,0,0,15
2024,FSTMOTO INTERNATIONAL (IMPORTER: TEDI (INDIA)),0,1,0,0,0,0,0,0,0,0,0,0,0,0,0,0,1
2024,FUJIYAMA POWER INFRA PVT. LTD.,0,3,0,0,0,0,0,0,0,0,0,0,0,0,0,0,3
2024,GAGAN AUTOMOTIVES,0,0,0,0,343,0,0,0,0,0,0,0,0,0,0,0,343
2024,GAHIR AGRICULTURAL INDUSTRIES,0,0,0,0,0,0,0,0,0,0,0,0,0,0,0,13,13
2024,GAHIR AGRO INDUSTRIES LIMITED,0,0,0,0,0,0,0,0,0,0,0,0,0,0,0,12,12
2024,GALVANIC AUTO PVT LTD,0,0,0,0,18,0,0,0,0,0,0,0,0,0,0,0,18
2024,GANESH AGRO INDUSTRIES,0,0,0,0,0,0,0,0,0,0,10,0,0,0,0,0,10
2024,GANPATI ENTERPRISES,0,0,0,0,456,0,0,0,0,0,0,0,0,0,0,0,456
2024,GAURA ELECTRIC VEHICLES PVT LTD,0,78,0,0,0,0,0,0,0,0,0,0,0,0,0,0,78
2024,GAUTAM AGRO INDUSTRIES,0,0,0,0,0,0,0,0,0,0,0,0,0,0,0,8,8
2024,GAYATRI ELECTRIC VEHICLES,0,0,0,0,"1,084",0,0,0,0,0,0,0,0,0,0,0,"1,084"
2024,GENERAL MOTORS INDIA PVT LTD,0,0,0,0,0,0,0,0,0,1,5,1,0,0,0,0,7
2024,G & G AUTOMOTIVE,0,0,0,0,521,0,0,0,0,0,0,0,0,0,0,0,521
2024,GIAN AGRO INDUSTRIES,0,0,0,0,0,0,0,0,0,0,0,0,0,0,0,6,6
2024,GILL AGRICULTURE WORKS,0,0,0,0,0,0,0,0,0,0,0,0,0,0,0,27,27
2024,GILL AGROTECH,0,0,0,0,0,0,0,0,0,0,0,0,0,0,0,9,9
2024,GILLPREET AGRO INDUSTRIES LTD,0,0,0,0,0,0,0,0,0,0,0,0,0,0,0,11,11
2024,G.K E-VEHICLS INDUSTRIES PVT LTD,0,0,0,0,307,0,0,0,0,0,0,0,0,0,0,0,307
2024,GKON ELECTRIC MOTOR VEHICLES PVT LTD,0,0,0,1,208,0,0,0,0,0,0,0,0,0,0,0,209
2024,G.K. RICKSHAW,0,0,0,1,"1,949",0,0,0,0,0,0,0,0,0,0,0,"1,950"
2024,G. M. VEHICLE INDUSTRIES,0,0,0,0,16,0,0,0,0,0,0,0,0,0,0,0,16
2024,GOBIND AGRO INDUSTRIES,0,0,0,0,0,0,0,0,0,0,0,0,0,0,0,42,42
2024,GOBIND INDUSTRIES PVT LTD,0,0,0,0,5,0,0,0,0,0,0,0,0,0,0,0,5
2024,GOBIND MOTOR GARAGE,0,0,0,0,0,0,0,0,0,4,0,0,0,0,0,0,4
2024,GODAWARI ELECTRIC MOTORS PVT LTD,0,161,0,0,117,0,0,0,0,0,0,0,0,0,0,0,278
2024,GODAWARI TECHNO SOLUTIONS PVT LTD,0,0,0,0,24,0,0,0,0,0,0,0,0,0,0,0,24
2024,GODREJ AND BOYCE MFG CO LTD,0,0,0,0,0,0,0,0,0,0,1,0,0,0,0,0,1
2024,GODREJ & BOYCE MFG. CO. LTD,0,0,0,0,0,0,0,0,0,0,11,0,0,0,0,109,120
2024,GOENKA ELECTRIC MOTOR VEHICLES PVT LTD,0,0,0,0,33,0,0,0,0,0,0,0,0,0,0,0,33
2024,GOGORO INDIA PVT LTD,0,45,0,0,0,0,0,0,0,0,0,0,0,0,0,0,45
2024,GOLDHOFER INDIA LLP,0,0,0,0,0,0,4,0,0,0,0,0,0,0,0,0,4
2024,"GOPAL AGRO AGENCY,HALADIAPADAR,BERHAMPUR,GANJAM",0,0,0,0,0,0,0,0,0,2,0,0,0,0,0,0,2
2024,GOPAL AUTO MOTORS PVT LTD,0,0,0,0,668,0,0,0,0,0,0,0,0,0,0,0,668
2024,GOPAL ENGG. WORKS,0,0,0,0,0,0,0,0,0,0,1,0,0,0,0,0,1
2024,GOREEN E-MOBILITY PVT LTD,0,705,0,0,0,0,0,0,0,0,0,0,0,0,0,0,705
2024,GOVIND MOTOR GARRAGE,0,0,0,0,0,0,0,0,0,1,0,0,0,0,0,0,1
2024,GOYAL AGRO INDUSTRIES,0,0,0,0,0,0,0,0,0,0,0,0,0,0,0,1,1
2024,GRAM TARANG EMPLOYABILITY TRAINNING SERVICES P LTD,0,0,0,0,11,0,0,0,0,0,0,0,0,0,0,0,11
2024,GRD MOTORS,0,0,0,0,"1,524",0,0,0,0,0,0,0,0,0,0,0,"1,524"
2024,GREAVES ELECTRIC MOBILITY PVT LTD,0,"12,379",0,0,0,0,0,0,0,0,0,0,0,0,0,0,"12,379"
2024,GREEN EVOLVE PVT LTD,0,0,0,0,122,0,0,0,0,0,0,0,0,0,0,0,122
2024,GREENFIT INDUSTRIES LLP,0,0,0,0,91,0,0,0,0,0,0,0,0,0,0,0,91
2024,GREEN IMPEX,0,0,0,0,112,0,0,0,0,0,0,0,0,0,0,0,112
2024,GREEN SHUTTLE TECHNOLOGY PVT LTD,0,0,0,0,24,0,0,0,0,0,0,0,0,0,0,0,24
2024,GREEN STAR MOTORS,0,0,0,0,131,0,0,0,0,0,0,0,0,0,0,0,131
2024,GREEN TACK EMPALA ELECTRIC MOTOR COMPANY,0,0,0,0,19,0,0,0,0,0,0,0,0,0,0,0,19
2024,GREEN TECHNOLOGIES,0,0,0,0,142,0,0,0,0,0,0,0,0,0,0,0,142
2024,GREEN VALLEY MOTORS,0,0,0,0,3,0,0,0,0,0,0,0,0,0,0,0,3
2024,GREENWHEELS AUTOMOBILE PVT LTD,0,0,0,0,310,0,0,0,0,0,0,0,0,0,0,0,310
2024,GRINDIA G MOTORS PVT LTD,0,0,0,0,2,0,0,0,0,0,0,0,0,0,0,0,2
2024,GROMAX AGRI EQUIPMENT LTD,0,0,0,0,0,0,0,0,0,184,"1,064",0,0,4,0,0,"1,252"
2024,GROVE INDIA PVT LTD,0,0,0,0,0,0,0,2,0,0,0,0,0,1,0,9,12
2024,GUANGDONG TAYO (IMPORTER: ADISHWAR AUTO),0,56,0,0,0,0,0,0,0,0,0,0,0,0,0,0,56
2024,GUANGXI MEIBAO(IMPORTER: DYNAMO ELECTRIC),0,3,0,0,0,0,0,0,0,0,0,0,0,0,0,0,3
2024,GUJARAT NARMADA AUTO LTD,0,0,0,0,0,0,0,0,0,0,1,0,0,0,0,0,1
2024,GURDEEP AGRO  INDUSTRIES,0,0,0,0,0,0,0,0,0,0,0,0,0,0,0,2,2
2024,GURDEEP ENGINEERING WORKS,0,0,0,0,0,0,0,0,0,0,0,0,0,0,0,22,22
2024,GURM AGRICULTURE WORKS,0,0,0,0,0,0,0,0,0,0,0,0,0,0,0,3,3
2024,GURMUKH AGRO INDUSTRIES,0,0,0,0,0,0,0,0,0,0,2,0,0,0,0,10,12
2024,GURUKIRPA INDUSTRIES,0,0,0,0,1,0,0,0,0,0,0,0,0,0,0,0,1
2024,GURUKRAPA ENGINEERING WORKS,0,0,0,0,0,0,0,0,0,0,5,0,0,0,0,0,5
2024,GURU NANAK AGRI ENGG WORKS,0,0,0,0,0,0,0,0,0,0,0,0,0,0,0,128,128
2024,GURU NANAK AGRI WORKS,0,0,0,0,0,0,0,0,0,0,0,0,0,0,0,19,19
2024,GURU NANAK AGRO INDUSTRIES,0,0,0,0,0,0,0,0,0,0,0,0,0,0,0,8,8
2024,HAITEK AUTOMOTIVE PVT LTD,0,0,0,0,40,0,0,0,0,0,0,0,0,0,0,0,40
2024,HAMM AG,0,0,0,0,0,0,0,0,0,3,19,0,0,0,0,0,22
2024,HANUMAN UDYOG,0,0,0,0,32,0,0,0,0,0,0,0,0,0,0,0,32
2024,HARDEV AGRO TECH,0,0,0,0,0,0,0,0,0,0,0,0,0,0,0,12,12
2024,HARJEET AGRO INDUSTRIES,0,0,0,0,0,0,0,0,0,0,0,0,0,0,0,35,35
2024,HARLEY DAVIDSON (IMPORTER: HERO MOTOCORP),0,102,0,0,0,0,0,0,0,0,0,0,0,0,0,0,102
2024,HARMEET AGRICULTURE WORKS,0,0,0,0,0,0,0,0,0,0,0,0,0,0,0,49,49
2024,HARSH TRADING CO,0,0,0,0,16,0,0,0,0,0,0,0,0,0,0,0,16
2024,HARSHVIE INDUSTRIES PVT LTD,0,0,0,0,2,0,0,0,0,0,0,0,0,0,0,0,2
2024,HBSS E MOBILITY PVT LTD,0,0,0,0,9,0,0,0,0,0,0,0,0,0,0,0,9
2024,HD HYUNDAI CONSTRUCTION EQUIPMENT INDIA PVT LTD,0,0,0,0,0,0,0,0,0,0,0,0,0,1,0,8,9
2024,H-D MOTOR COMPANY INDIA PVT LTD,0,1,0,0,0,0,0,0,0,0,0,0,0,0,0,0,1
2024,HEMAVATHI AGRO INDUSTRIES,0,0,0,0,0,0,0,0,0,0,5,0,0,0,0,1,6
2024,HERO ELECTRIC VEHICLES PVT. LTD,0,"1,629",0,0,0,0,0,0,0,0,0,0,0,0,0,0,"1,629"
2024,HERO HONDA MOTORS  LTD,0,14,0,0,0,0,0,0,0,0,0,0,0,0,0,0,14
2024,HERO MOTOCORP LTD,"1,727","22,46,643","1,110",0,0,1,0,0,0,0,1,0,0,0,0,0,"22,49,482"
2024,HIGHWAY ENGING WORKS,0,0,0,0,0,0,0,0,0,6,0,0,0,0,0,0,6
2024,HIMANI AGRO INDUSTRIES,0,0,0,0,0,0,0,0,0,0,15,0,0,0,0,0,15
2024,HIM TEKNOFORGE LTD,0,0,0,0,205,0,0,0,0,0,0,0,0,0,0,0,205
2024,HIND AGRO INDUSTRIES,0,0,0,0,0,0,0,0,0,0,0,0,0,0,0,25,25
2024,HINDUSTAN AGRO INDUSTRIES,0,0,0,0,0,0,0,0,0,0,1,0,0,0,0,0,1
2024,HINDUSTAN MOTOR CORPORATION,0,0,0,0,401,0,0,0,0,0,0,0,0,0,0,0,401
2024,HINDUSTAN MOTOR FINANCE CORPORATION LIMITED,0,0,0,0,0,0,0,0,0,0,2,0,0,0,0,0,2
2024,HIRA AGRO INDUSTRIES,0,0,0,0,0,0,0,0,0,0,2,0,0,0,0,56,58
2024,HITECH ENGINEERING LTD,0,0,0,0,0,0,0,0,0,36,0,0,0,0,0,0,36
2024,HI-TECH INDUSTRIES,0,0,0,0,18,0,0,0,0,0,0,0,0,0,0,0,18
2024,HITECH  MECHANICAL WORKS,0,0,0,0,4,0,0,0,0,0,0,0,0,0,0,0,4
2024,HITENDRA WELDING WORKS,0,0,0,0,0,0,0,0,0,0,30,0,0,0,0,0,30
2024,H M G ENGINEERING WORKS,0,0,0,0,0,0,0,0,0,0,1,0,0,0,0,0,1
2024,HOLLAND TRACTORS PVT LTD,0,0,0,0,0,0,0,0,0,0,5,0,0,0,0,0,5
2024,HOMFEEL VEGH AUTOMOBILES PVT LTD,0,2,0,0,0,0,0,0,0,0,0,0,0,0,0,0,2
2024,HONDA CARS INDIA LTD,0,0,0,0,0,42,0,0,0,0,"32,779",863,0,0,0,0,"33,684"
2024,HONDA MOTORCYCLE AND SCOOTER INDIA (P) LTD,443,"18,66,225","1,389",0,0,0,0,1,0,0,2,0,0,0,0,0,"18,68,060"
2024,HONGKONG YIXING (IMPORTER: ADMS MARKETING),0,106,0,0,0,0,0,0,0,0,0,0,0,0,0,0,106
2024,HONGKONG YIXING (IMPORTER: VICTORY ELECTRIC),0,2,0,0,0,0,0,0,0,0,0,0,0,0,0,0,2
2024,HOOGHLY MOTORS PVT LTD,0,0,0,0,"1,857",0,0,0,0,0,0,0,0,0,0,0,"1,857"
2024,HOP ELECTRIC MOBILITY PVT LTD,0,169,0,0,0,0,0,0,0,0,0,0,0,0,0,0,169
2024,HOP MOTORS PVT LTD,0,0,0,2,281,0,0,0,0,0,0,0,0,0,0,0,283
2024,HOTAGE CORPORATION INDIA,0,0,0,0,"5,121",0,0,0,0,0,0,0,0,0,0,0,"5,121"
2024,HOUSTAN INNOVATION LLP,0,5,0,0,0,0,0,0,0,0,0,0,0,0,0,0,5
2024,HOVEL CYLINDER PVT LTD,0,0,0,0,33,0,0,0,0,0,0,0,0,0,0,0,33
2024,H R AGRO INDUSTRIES,0,0,0,0,0,0,0,0,0,0,0,0,0,0,0,24,24
2024,HUNDA EV PVT LTD,0,0,0,0,218,0,0,0,0,0,0,0,0,0,0,0,218
2024,HUNDAL INDUSTRIES,0,0,0,0,393,0,0,0,0,0,0,0,0,0,0,0,393
2024,HYKON INDIA LTD,0,0,0,0,12,0,0,0,0,0,0,0,0,0,0,0,12
2024,HYUNDAI MOTOR INDIA LTD,0,0,0,0,0,233,0,0,0,0,"2,30,892","8,141",10,0,0,0,"2,39,276"
2024,"HYUNDAI MOTORS LTD, SOUTH KOREA",0,0,0,0,0,0,0,0,0,0,2,1,0,0,0,0,3
2024,INDERPREET AGRO INDUSTRIES,0,0,0,0,0,0,0,0,0,0,0,0,0,0,0,21,21
2024,INDIA KAWASAKI MOTORS PVT LTD,0,"1,808",0,0,0,0,0,0,0,0,0,0,0,0,0,0,"1,808"
2024,INDIAN MOTORS,0,0,0,0,987,0,0,0,0,0,0,0,0,0,0,0,987
2024,INDIA SAFE ENTERPRISE,0,0,0,0,178,0,0,0,0,0,0,0,0,0,0,0,178
2024,INDIA YAMAHA MOTOR PVT LTD,10,"2,74,705",778,0,0,0,0,0,0,0,4,0,0,0,0,0,"2,75,497"
2024,INDICON AGRO INDUSTRIES LLP,0,0,0,0,0,0,0,0,0,0,1,0,0,0,0,0,1
2024,INDO FARM EQUIPMENT LIMITED,0,0,0,0,0,0,0,2,0,31,932,0,0,9,0,371,"1,345"
2024,INDRA TRAILORS,0,0,0,0,0,0,0,0,0,0,1,0,0,0,0,0,1
2024,INS AUTOMOBILES PVT LTD,0,0,0,0,88,0,0,0,0,0,0,0,0,0,0,0,88
2024,INTERNATIONAL TRACTORS LIMITED,0,0,0,0,0,0,0,0,0,"3,495","45,181",0,0,74,0,6,"48,756"
2024,INVVIGORS INDIA,0,0,0,0,60,0,0,0,0,0,0,0,0,0,0,0,60
2024,IPL TECH ELECTRIC PVT LTD,0,0,0,0,0,0,30,0,0,0,0,0,0,0,0,0,30
2024,IRA EDUTECH PVT LTD,0,3,0,0,0,0,0,0,0,0,0,0,0,0,0,0,3
2024,ISHWAR FARMLINE EQUIPMENTS PRIVATE LIMITED,0,0,0,0,0,0,0,0,0,0,0,0,0,0,0,22,22
2024,ISHWAR FARMLINE EQUIPMENTS PVT LTD,0,0,0,0,0,0,0,0,0,0,0,0,0,0,0,11,11
2024,ISUKII GREENS PVT LTD,0,0,0,0,14,0,0,0,0,0,0,0,0,0,0,0,14
2024,ISUZU MOTORS INDIA PVT LTD,0,0,0,0,0,0,0,0,0,683,314,10,0,1,0,2,"1,010"
2024,IVECO S.P.A.,0,0,0,0,0,0,0,0,0,0,0,0,1,0,0,0,1
2024,IVOOMI INNOVATION PVT LTD,0,497,0,0,0,0,0,0,0,0,0,0,0,0,0,0,497
2024,IZANAU ELECTRIC LLP,0,11,0,0,0,0,0,0,0,0,0,0,0,0,0,0,11
2024,IZUZU JAPAN,0,0,0,0,3,0,0,0,0,0,0,0,0,0,0,0,3
2024,JADE KOREA SPINE LIFE,0,0,0,0,18,0,0,0,0,0,0,0,0,0,0,0,18
2024,JADHAV AGRO INDUSTRIES PVT. LTD.,0,0,0,0,0,0,0,0,0,1,0,0,0,0,0,0,1
2024,JAGADAMBA TRAILER,0,0,0,0,0,0,0,0,0,0,5,0,0,0,0,0,5
2024,"JAGANATH AGRL IMPLEMENTS,BOUDH",0,0,0,0,0,0,0,0,0,1,0,0,0,0,0,0,1
2024,JAGUAR LAND ROVER INDIA LIMITED,0,0,0,0,0,1,0,0,0,0,"1,501",1,0,0,0,0,"1,503"
2024,JAI BHAVANI ENGINEERING  WORKS,0,0,0,0,0,0,0,0,0,0,11,0,0,0,0,0,11
2024,JAIDKA POWER SYSTEMS PVT LTD,0,0,0,0,45,0,0,0,0,0,0,0,0,0,0,0,45
2024,JAI DURGA TRAILERS,0,0,0,0,0,0,0,0,0,0,1,0,0,0,0,0,1
2024,JAIN POWER CORP,0,0,0,0,49,0,0,0,0,1,0,0,0,0,0,0,50
2024,JAISIK BUSINESS LINKS PVT LTD,0,0,0,0,208,0,0,0,0,0,0,0,0,0,0,0,208
2024,JAI SRI RAM ELECTRIC VEHICLE MANUFACTURING PVT LTD,0,0,0,0,84,0,0,0,0,0,0,0,0,0,0,0,84
2024,JAJODIA COMMODITIES PVT LTD,0,0,0,0,508,0,0,0,0,0,0,0,0,0,0,0,508
2024,JANGEER MANUFACTURING INDUSTRIES PVT LTD,0,0,0,0,0,0,0,0,0,0,0,0,0,0,0,7,7
2024,JAY AGRO INDUSTRIES,0,0,0,0,0,0,0,0,0,0,45,0,0,0,0,0,45
2024,JAYATI TOOLS,0,0,0,0,4,0,0,0,0,0,0,0,0,0,0,0,4
2024,JAY BHAVANI TRAILOR,0,0,0,0,0,0,0,0,0,0,9,0,0,0,0,0,9
2024,JAYNA AUTOMOBILES LLP,0,0,0,0,9,0,0,0,0,0,0,0,0,0,0,0,9
2024,JAY SHREE BALAJI ENG WORKS,0,0,0,0,0,0,0,0,0,2,0,0,0,0,0,0,2
2024,JBM AUTO LIMITED,0,0,0,0,0,0,0,0,349,0,0,0,0,0,0,0,349
2024,J.C. BAMFORD EXCAVATORS LIMITED,0,0,0,0,0,0,0,0,0,0,0,0,0,0,0,1,1
2024,JCB INDIA LIMITED,0,0,0,0,0,0,1,174,0,0,20,0,1,"1,240",0,"16,309","17,745"
2024,JCBL LIMITED,0,0,0,0,0,0,0,0,0,0,0,0,0,0,0,1,1
2024,"JENA ENGINEERING WS,PURI",0,0,0,0,0,0,0,0,0,1,0,0,0,0,0,0,1
2024,JESSUN TECHNO PVT LTD,0,0,0,0,75,0,0,0,0,0,0,0,0,0,0,0,75
2024,JIANGSU AIMA (IMPORTER: FUTURE EV),0,33,0,0,0,0,0,0,0,0,0,0,0,0,0,0,33
2024,JIANGSU AIMA (IMPORTER: QUANTUM ENERGY),0,10,0,0,0,0,0,0,0,0,0,0,0,0,0,0,10
2024,JIANGSU DALONG (IMPORTER: ENGTIAN ELECTRIC),0,3,0,0,0,0,0,0,0,0,0,0,0,0,0,0,3
2024,JIANGSU DALONG (IMPORTER: KINGCHE MOBILITY),0,6,0,0,0,0,0,0,0,0,0,0,0,0,0,0,6
2024,JIANGSU DALONG (IMPORTER: SABOO TOR),0,14,0,0,0,0,0,0,0,0,0,0,0,0,0,0,14
2024,JIANGSU DALONG (IMPORTER:TYLOS ELECTRIC VEHICLES),0,9,0,0,0,0,0,0,0,0,0,0,0,0,0,0,9
2024,JIANGSU GUOWEI (IMPORTER:ELECTRO-TECH),0,6,0,0,0,0,0,0,0,0,0,0,0,0,0,0,6
2024,JIANGSU GUOWEI (IMPORTER: REVEAL ELECTRIC),0,6,0,0,0,0,0,0,0,0,0,0,0,0,0,0,6
2024,JIANGSU JINPENG (IMPORTER: KKL HITECH EV),0,0,0,0,12,0,0,0,0,0,0,0,0,0,0,0,12
2024,JIANGSU SUNHOU (IMPORTER: SABOO TOR),0,2,0,0,0,0,0,0,0,0,0,0,0,0,0,0,2
2024,JIANGSU XINRI E-VEHICLE(IMPORTER SWIFT CUR.TECH.),0,10,0,0,0,0,0,0,0,0,0,0,0,0,0,0,10
2024,JIANGSU XINRI (IMPORTER: NISIKI TECHNOLOGIES),0,1,0,0,0,0,0,0,0,0,0,0,0,0,0,0,1
2024,JIANGSU ZHEENAIDA (IMPORTER: KLB GLOBAL),0,94,0,0,0,0,0,0,0,0,0,0,0,0,0,0,94
2024,JITENDRA NEW EV-TECH PVT. LTD,0,572,10,0,5,0,0,0,0,0,0,0,0,0,0,0,587
2024,JITENDRA TEMPO PARTS,0,0,0,0,220,0,0,0,0,0,0,0,0,0,0,0,220
2024,JIWAN AGRICULTURAL IMPLEMENTS WORKSHOP CIS LTD,0,0,0,0,0,0,0,0,0,0,0,0,0,0,0,6,6
2024,J K AGRO INDUSTRIES,0,0,0,0,0,0,0,0,0,0,0,0,0,0,0,19,19
2024,JMSSP AGRO INDUSTRIES PVT LTD,0,0,0,0,0,0,0,0,0,0,0,0,0,0,0,30,30
2024,JMT VEHICLES PVT LTD,0,0,0,0,978,0,0,0,0,0,0,0,0,0,0,0,978
2024,JOHN DEERE INDIA PVT LTD(CROP SOLUTION DIV),0,0,0,0,0,0,0,0,0,0,0,0,0,0,0,1,1
2024,JOHN DEERE INDIA  PVT LTD(TRACTOR DEVISION),0,0,0,0,0,0,0,0,0,"1,342","25,740",0,0,9,0,348,"27,439"
2024,JOHN INFRATECH LLP,0,0,0,0,0,0,0,0,0,0,0,0,0,0,0,12,12
2024,JOYRAM STEEL FABRICATION WORKS,0,0,0,0,1,0,0,0,0,0,0,0,0,0,0,0,1
2024,J P AUTO TECH,0,0,0,0,18,0,0,0,0,0,0,0,0,0,0,0,18
2024,J S AGRO INDUSTRIES,0,0,0,0,0,0,0,0,0,0,0,0,0,0,0,25,25
2024,J. S. AGRO INDUSTRIES,0,0,0,0,0,0,0,0,0,0,0,0,0,0,0,3,3
2024,J. S. AUTO (P) LTD,0,0,0,0,"4,646",0,0,0,0,0,0,0,0,0,0,0,"4,646"
2024,JS MOBILEON PVT LTD,0,0,0,0,401,0,0,0,0,0,0,0,0,0,0,0,401
2024,JUNENG MOTORCYCLE (IMPORTER: ADMS MARKETING),0,26,0,0,0,0,0,0,0,0,0,0,0,0,0,0,26
2024,JUNENG MOTORCYCLE (IMPORTER: ISCOOT MOTERS),0,78,0,0,0,0,0,0,0,0,0,0,0,0,0,0,78
2024,JUNENG MOTORCYCLE (IMPORTER: JHEV MOTORS PVT LTD),0,37,0,0,0,0,0,0,0,0,0,0,0,0,0,0,37
2024,JUNENG MOTORCYCLE TECH. (IMPORTER: DELTA AUTOCORP),0,14,0,0,0,0,0,0,0,0,0,0,0,0,0,0,14
2024,KABIRA MOBILITY LLP,0,22,0,0,0,0,0,0,0,0,0,0,0,0,0,0,22
2024,KABMAX ELECTRIC AUTOMOBILES PVT. LTD,0,0,0,0,109,0,0,0,0,0,0,0,0,0,0,0,109
2024,KADESEETLA AASHIRWAD GP INDUSTRIES PVT LTD,0,0,0,0,4,0,0,0,0,0,0,0,0,0,0,0,4
2024,KAILASH WELDING WORK AP1913663560,0,0,0,0,0,0,0,0,0,1,0,0,0,0,0,0,1
2024,KAINING (HONGKONG) (IMPORTER: ENERGY AUTOMOBILE),0,6,0,0,0,0,0,0,0,0,0,0,0,0,0,0,6
2024,KAINING (HONGKONG) (IMPORTER:M/S IZANAU ELECTRIC),0,15,0,0,0,0,0,0,0,0,0,0,0,0,0,0,15
2024,KAINING (HONGKONG) (IMPORTER: TOXMO ELECTRIC),0,2,0,0,0,0,0,0,0,0,0,0,0,0,0,0,2
2024,KAINING (HONGKONG) (IMPORTER: VOLTA EV PVT LTD),0,3,0,0,0,0,0,0,0,0,0,0,0,0,0,0,3
2024,KAINING (HONKONG) (IMPORTER: ENIGMA AUTOMOBILES),0,11,0,0,0,0,0,0,0,0,0,0,0,0,0,0,11
2024,KAISER WILLYS JEEP,0,0,0,0,0,0,0,0,0,0,1,0,0,0,0,0,1
2024,KAKKAR ELECTRIC AUTO PVT LTD,0,0,0,0,59,0,0,0,0,0,0,0,0,0,0,0,59
2024,KALINGA VENTURES INDIA PVT LTD,0,0,0,0,9,0,0,0,0,0,0,0,0,0,0,0,9
2024,KALPVRIKSH ELECTOMOBILES CO,0,0,0,0,160,0,0,0,0,0,0,0,0,0,0,0,160
2024,KAMAL COACH WORKS PVT LTD,0,0,0,0,0,0,3,0,0,0,0,0,0,0,0,0,3
2024,KAMAZ INDUSTRIES,0,0,0,0,30,0,0,0,0,0,0,0,0,0,0,0,30
2024,KANHA ELECTRIC VEHICLES,0,0,0,0,3,0,0,0,0,0,0,0,0,0,0,0,3
2024,KAPTECH INDIA PVT LTD,0,0,0,0,865,0,0,0,0,0,0,0,0,0,0,0,865
2024,KARMA MECHANICAL WORKS,0,0,0,0,0,0,0,0,0,0,0,0,0,0,0,18,18
2024,KARTAR AGRO INDUSTRIES PVT LTD,0,0,0,0,0,0,0,0,0,0,0,0,0,0,0,659,659
2024,KARTAR TRACTORS PRIVATE LIMITED,0,0,0,0,0,0,0,0,0,0,131,0,0,0,0,1,132
2024,KCAS ELECTRIC VEHICLES PVT LTD,0,0,0,0,48,0,0,0,0,0,0,0,0,0,0,0,48
2024,K D AGRO INDUSTRIES,0,0,0,0,0,0,0,0,0,0,0,0,0,0,0,22,22
2024,KERALA AUTOMOBILES LIMITED,0,0,0,0,67,0,0,0,0,0,0,0,0,0,0,0,67
2024,KESAR ROAD EQUIPMENTS(I) PVT LTD,0,0,0,0,0,0,0,0,0,0,0,0,0,0,0,1,1
2024,KETO MOTORS PVT LTD,0,0,0,0,356,0,0,0,0,0,0,0,0,0,0,0,356
2024,KETRON ELECTRIC VEHICLES PVT LTD,0,0,0,0,1,0,0,0,0,0,0,0,0,0,0,0,1
2024,KGN,0,0,0,0,115,0,0,0,0,0,0,0,0,0,0,0,115
2024,KGN INDUSTRIES,0,0,0,0,311,0,0,0,0,0,1,0,0,0,0,0,312
2024,KHALSA AGENCIES,0,0,0,0,"3,733",0,0,0,0,0,0,0,0,0,0,0,"3,733"
2024,KHAN ENGINEERING WORKS,0,0,0,0,0,0,0,0,0,2,15,0,0,0,0,0,17
2024, KHUSHI AGRO ENGINEERING  ,0,0,0,0,0,0,0,0,0,1,0,0,0,0,0,0,1
2024,KIA MOTORS INDIA PVT LTD,0,0,0,0,0,94,0,0,0,0,"96,922","2,283",0,0,0,0,"99,299"
2024,KINETIC GREEN ENERGY & POWER SOLUTIONS LTD,0,"6,319",0,6,"1,402",0,0,0,0,27,0,0,0,0,0,0,"7,754"
2024,KION INDIA PVT LTD,0,0,0,0,0,0,0,21,0,0,11,0,0,18,0,271,321
2024,KIRAN AUTOMOTIVE INDUSTRY,0,0,0,0,28,0,0,0,0,0,0,0,0,0,0,0,28
2024,KIRTI SOLAR LTD,0,0,0,0,6,0,0,0,0,0,0,0,0,0,0,0,6
2024,KISAN ENGINEERING WORKS,0,0,0,0,0,0,0,0,0,0,25,0,0,0,0,0,25
2024,KISSAN AGRO INDUSTRIES,0,0,0,0,0,0,0,0,0,0,0,0,0,0,0,8,8
2024,KISSNA ENGG WORKS,0,0,0,0,0,0,0,0,0,0,2,0,0,0,0,0,2
2024,KLB KOMAKI PVT LTD,0,"1,249",0,1,60,0,0,0,0,0,0,0,0,0,0,0,"1,310"
2024,KOMATSU INDIA PRIVATE LIMITED,0,0,0,0,0,0,0,1,0,0,0,0,0,0,0,2,3
2024,KOMATSU LTD JAPAN,0,0,0,0,0,0,0,0,0,0,0,0,0,2,0,11,13
2024,KPT MOTORS,0,0,0,0,15,0,0,0,0,0,0,0,0,0,0,0,15
2024,KRISHNA AGRO ENGI,0,0,0,0,0,0,0,0,0,1,0,0,0,0,0,0,1
2024,KRISHNA ENGINEERING WORKS,0,0,0,0,553,0,0,0,0,0,0,0,0,0,0,0,553
2024,KRISHNA INDUSTRIES,0,0,0,0,0,0,0,0,0,0,4,0,0,0,0,0,4
2024,KRISHNA VEHICALS,0,0,0,0,77,0,0,0,0,0,0,0,0,0,0,0,77
2024,KRUP P,0,0,0,0,0,0,0,1,0,0,0,0,0,0,0,0,1
2024,KRUSHI KISAN TRAILORS,0,0,0,0,0,0,0,0,0,0,1,0,0,0,0,0,1
2024,K.S. AGRICULTURAL INDUSTRIES PVT. LTD,0,0,0,0,0,0,0,0,0,0,0,0,0,0,0,98,98
2024,K.S. AGROTECH  PVT LTD,0,0,0,0,0,0,0,0,0,0,0,0,0,0,0,69,69
2024,K. S. INDUSTRIES,0,0,0,0,8,0,0,0,0,0,0,0,0,0,0,0,8
2024,K T ENTERPRISES,0,0,0,0,78,0,0,0,0,0,0,0,0,0,0,0,78
2024,KUBOTA AGRICULTURAL MACHINERY INDIA PVT.LTD.,0,0,0,0,0,0,0,0,0,89,"7,139",0,0,131,0,3,"7,362"
2024,KUKU AUTOMOTIVES,0,0,0,0,133,0,0,0,0,0,0,0,0,0,0,0,133
2024,KULAR AGRO WORKS,0,0,0,0,0,0,0,0,0,0,0,0,0,0,0,16,16
2024,KULKARNI POWER TOOLS LTD,0,0,0,0,1,0,0,0,0,0,0,0,0,0,0,0,1
2024,KUMAR ENGINEERING,0,0,0,0,938,0,0,0,0,0,2,0,0,0,0,0,940
2024,KUN MOTOR COMPANY PVT LTD,0,0,0,0,0,0,0,0,0,0,12,0,0,0,0,0,12
2024,KURUKSHETRA AUTOMOBILES (P) LTD.,0,0,0,0,0,0,0,0,0,0,1,0,0,0,0,0,1
2024,KUSHAL AGRO IND,0,0,0,0,0,0,0,0,0,0,25,0,0,0,0,0,25
2024,K. V. INDUSTRIES,0,0,0,0,12,0,0,0,0,0,0,0,0,0,0,0,12
2024,KYB CONMAT PVT LTD,0,0,0,0,0,0,0,0,0,0,16,0,0,1,0,75,92
2024,KYTE ENERGY PVT. LTD.,0,173,0,0,0,0,0,0,0,0,0,0,0,0,0,0,173
2024,LAKSHMI ENGINEERING WORKS,0,0,0,0,0,0,0,0,0,0,1,0,0,0,0,0,1
2024,LAKSHYA AUTO SALES CORPORATION,0,0,0,0,124,0,0,0,0,0,0,0,0,0,0,0,124
2024,LAKSHYA MOTORS,0,0,0,0,9,0,0,0,0,0,0,0,0,0,0,0,9
2024,LALA G E RICKSHAW AND SPARE PARTS,0,0,0,0,30,0,0,0,0,0,0,0,0,0,0,0,30
2024,LAL AGRO INDUSTRIES,0,0,0,0,0,0,0,0,0,0,0,0,0,0,0,5,5
2024,LAL CHAND AGRICULTURE WORKS,0,0,0,0,0,0,0,0,0,0,0,0,0,0,0,3,3
2024,LAWAT MOTORS LLP,0,0,0,0,188,0,0,0,0,0,0,0,0,0,0,0,188
2024,LAXMI ENGINEERING WORKSHOP,0,0,0,0,0,0,0,0,0,2,1,0,0,0,0,0,3
2024,"LAXMI GOBINDA AGRO IND,BLS",0,0,0,0,0,0,0,0,0,23,0,0,0,0,0,0,23
2024,L B AGRO PRODUCTS,0,0,0,0,0,0,0,0,0,14,0,0,0,0,0,0,14
2024,LECTRIX EV PVT LTD,0,"1,877",0,1,"2,759",0,0,0,0,0,0,1,0,0,0,0,"4,638"
2024,LEOPAN MOTORS PRIVATE LIMITED,0,0,0,0,4,0,0,1,0,0,0,0,0,0,0,0,5
2024,LEXUS MOTORS LTD,0,0,0,0,0,0,0,0,0,0,2,0,0,0,0,0,2
2024,LIEBHERR,0,0,0,0,0,0,0,1,0,0,0,0,0,0,0,2,3
2024,LIEBHERR INDIA PVT LTD,0,0,0,0,0,0,0,1,0,0,0,0,0,0,0,14,15
2024,LIMA VEHICLE GROUP(IMPORTER: ROUTE & MARS EV LLP),0,2,0,0,0,0,0,0,0,0,0,0,0,0,0,0,2
2024,LIONIZE AUTOMOBILE PVT LTD,0,0,0,0,122,0,0,0,0,0,0,0,0,0,0,0,122
2024,LIUGONG INDIA PVT. LTD,0,0,0,0,0,0,1,10,0,0,2,0,1,50,0,356,420
2024,LOCAL,0,0,0,0,0,0,1,25,0,"4,340","13,955",0,32,449,0,102,"18,904"
2024,LOHIA AUTO INDUSTRIES,0,0,0,0,558,0,0,0,0,0,0,0,0,0,0,0,558
2024,LORDS VEHICLE MFG PVT LTD,0,0,0,0,37,0,0,0,0,0,0,0,0,0,0,0,37
2024,LOTAY AGRO TECH,0,0,0,0,0,0,0,0,0,0,0,0,0,0,0,9,9
2024,LOTEY AGRICULTURE WORKS,0,0,0,0,0,0,0,0,0,0,0,0,0,0,0,4,4
2024,LOVEJEET AGRO INDUSTRY,0,0,0,0,0,0,0,0,0,0,0,0,0,0,0,1,1
2024,L & T CASE EQUIPMENT PVT LTD,0,0,0,0,0,0,0,1,0,0,0,0,0,4,0,1,6
2024,L&T CONSTRUCTION EQUIPMENT LIMITED,0,0,0,0,0,0,0,0,0,0,3,0,0,53,0,120,176
2024,L&T CONSTRUCTION MACHINERY LIMITED,0,0,0,0,0,0,0,0,0,0,0,0,0,0,0,1,1
2024,LUCKY INDUSTRIES,0,0,0,0,43,0,0,0,0,0,0,0,0,0,0,0,43
2024,M2J E VAHAN PVT LTD,0,0,0,0,4,0,0,0,0,0,0,0,0,0,0,0,4
2024,MAAA MANASA TRAILOR WORKS,0,0,0,0,0,0,0,0,0,3,0,0,0,0,0,0,3
2024,MAA DURGA ELECTRIC MOTOR VEHICLE PVT LTD,0,0,0,0,10,0,0,0,0,0,0,0,0,0,0,0,10
2024,MAA ENGINEERING TRAILOR,0,0,0,0,0,0,0,0,0,33,1,0,0,0,0,0,34
2024,MAA KALPANA ENTERPRISE,0,0,0,0,174,0,0,0,0,0,0,0,0,0,0,0,174
2024,"MAA MANGALA ENTERPRISES,SNG",0,0,0,0,0,0,0,0,0,2,0,0,0,0,0,0,2
2024,"MAA MANGALA MOTORS & ENGG,RKL",0,0,0,0,0,0,0,0,0,1,0,0,0,0,0,0,1
2024,MAA SHAKTI EXIM PVT LTD,0,0,0,0,981,0,0,0,0,0,0,0,0,0,0,0,981
2024,MAA TARINI ENGINEERING,0,0,0,0,0,0,0,0,0,8,0,0,0,0,0,0,8
2024,MAC AUTO INDIA,0,0,0,12,322,0,0,0,0,0,0,0,0,0,0,0,334
2024,MAC INTERNATIONAL (IMPORTER:HONESTY),0,1,0,0,0,0,0,0,0,0,0,0,0,0,0,0,1
2024,MAC INTERNATIONAL (IMPORTER: JHEV MOTORS PVT LTD),0,20,0,0,0,0,0,0,0,0,0,0,0,0,0,0,20
2024,MACONS EQUIPMENTS PVT LTD,0,0,0,0,0,0,0,0,0,0,0,0,0,0,0,1,1
2024,MAHABIR INDUSTRIES,0,0,0,0,0,0,0,0,0,3,0,0,0,0,0,0,3
2024,MAHAVIR TRACTOR AND IMPLEMENTS,0,0,0,0,0,0,0,0,0,0,1,0,0,0,0,0,1
2024,MAHESH ENGINEERING WORKS,0,0,0,0,0,0,0,0,0,0,1,0,0,0,0,0,1
2024,MAHI ENTERPRISES,0,0,0,0,1,0,0,0,0,0,0,0,0,0,0,0,1
2024,MAHINDRA DEFENCE SYSTEMS LTD,0,0,0,0,0,0,0,0,0,0,0,0,0,0,0,11,11
2024,MAHINDRA GUJARAT TRACTOR LIMITED,0,0,0,0,0,0,0,0,0,0,1,0,0,0,0,0,1
2024,MAHINDRA LAST MILE MOBILITY LTD,0,0,0,13,"27,230",0,0,0,0,"8,012",3,7,0,0,0,0,"35,265"
2024,MAHINDRA & MAHINDRA LIMITED,0,5,0,1,"1,501",67,"2,892",24,25,"94,406","1,84,641","10,867",302,33,357,509,"2,95,630"
2024,MAHINDRA & MAHINDRA LIMITED (SWARAJ DIVISION),0,0,0,0,0,0,0,0,0,"4,956","64,564",0,0,87,0,8,"69,615"
2024,MAHINDRA & MAHINDRA LIMITED (TRACTOR),0,0,0,0,0,0,0,0,0,"7,144","77,871",0,0,37,0,12,"85,064"
2024,MAHINDRA & MAHINDRA LTD FARM MACHINERY DIVISION,0,0,0,0,0,0,0,0,0,0,17,0,0,0,0,56,73
2024,MAHINDRA REVA ELECTRIC VEHICLES PVT LTD,0,0,0,0,45,0,0,0,0,1,0,0,0,0,0,0,46
2024,MAHTAB BODY MAKER,0,0,0,0,426,0,0,0,0,0,0,0,0,0,0,0,426
2024,MALAK TECHNO PVT LTD,0,0,0,0,41,0,0,0,0,0,0,0,0,0,0,0,41
2024,MALI ENTERPRISES,0,0,0,0,2,0,0,0,0,0,0,0,0,0,0,0,2
2024,MALKIT AGRO TECH PVT. LTD,0,0,0,0,0,0,0,0,0,0,0,0,0,0,0,374,374
2024,MANDEEP ENGINEERING WORKS,0,0,0,0,0,0,0,0,0,0,0,0,0,0,0,14,14
2024,MANISH EV INTERNATIONAL PRIVATE LIMITED,0,0,0,0,154,0,0,0,0,0,0,0,0,0,0,0,154
2024,MANITA CITY MOTORS LLP,0,0,0,0,848,0,0,0,0,0,0,0,0,0,0,0,848
2024,MANITOU EQUIPMENT INDIA PVT LTD,0,0,0,0,0,0,0,12,0,0,7,0,5,3,0,239,266
2024,MANKU AGRO TECH PVT LTD,0,0,0,0,0,0,0,0,0,0,0,0,0,0,0,"1,010","1,010"
2024,MANMOHAN KAUR,0,0,0,0,61,0,0,0,0,0,0,0,0,0,0,0,61
2024,MANPREET AGRO INDUSTRIES,0,0,0,0,0,0,0,0,0,0,0,0,0,0,0,3,3
2024,MARATHWADA QUALITY TRAILER,0,0,0,0,0,0,0,0,0,0,4,0,0,0,0,0,4
2024,MARKUS,0,0,0,0,27,0,0,0,0,0,0,0,0,0,0,0,27
2024,MARSHAL MOTORS,0,0,0,0,0,0,0,0,0,0,1,0,0,0,0,0,1
2024,MARTHWADA TRALIOR,0,0,0,0,0,0,0,0,0,0,3,0,0,0,0,0,3
2024,MARUTHISAN PVT LTD,0,72,0,0,0,0,0,0,0,0,0,0,0,0,0,0,72
2024,MARUTI SUZUKI INDIA LTD,0,0,0,0,0,620,0,0,0,"15,664","6,03,226","97,820",0,0,1,93,"7,17,424"
2024,MARUTI UDYOG LTD,0,0,0,0,0,0,0,0,0,2,138,3,0,0,0,0,143
2024,MATHARU ENGINEERING AGRI WORKS,0,0,0,0,0,0,0,0,0,0,0,0,0,0,0,27,27
2024,MATHARU ENGINEERING WORKS,0,0,0,0,0,0,0,0,0,0,0,0,0,0,0,13,13
2024,MAULIRAJ INDUSTRIES LLP,0,1,0,0,0,0,0,0,0,0,0,0,0,0,0,0,1
2024,MAURYA MOTORS PVT LTD,0,0,0,0,0,0,0,0,0,0,1,0,0,0,0,0,1
2024,"MAYUR ENTERPRISES,BARIPADA",0,0,0,0,0,0,0,0,0,22,0,0,0,0,0,0,22
2024,MB AGRO INDUSTRIES,0,0,0,0,0,0,0,0,0,0,0,0,0,0,0,20,20
2024,MCLAREN AUTOMOTIVE (IMPORTER: INFINITY CARS),0,0,0,0,0,0,0,0,0,0,6,0,0,0,0,0,6
2024,MECPOWER MOBILITY PVT. LTD.,0,84,0,0,0,0,0,0,0,0,0,0,0,0,0,0,84
2024,MEHAR AGRO ENGINEERING,0,0,0,0,0,0,0,0,0,0,1,0,0,0,0,0,1
2024,MERCEDES -BENZ AG,0,0,0,0,0,0,0,0,0,0,622,1,0,0,0,0,623
2024,MERCEDES-BENZ INDIA PVT LTD,0,0,0,0,0,3,0,0,0,0,"6,450",82,0,0,0,0,"6,535"
2024,MEW ELECTRICALS LIMITED,0,6,0,0,0,0,0,0,0,0,0,0,0,0,0,0,6
2024,M G INDUSTRIES,0,0,0,0,41,0,0,0,0,0,0,0,0,0,0,0,41
2024,MG MOTOR INDIA PVT LTD,0,0,0,0,0,7,0,0,0,0,"20,654",147,0,0,0,0,"20,808"
2024,M H AGRICULTURE WORKS,0,0,0,0,0,0,0,0,0,0,0,0,0,0,0,9,9
2024,MICELIO MOTORS PVT LTD,0,64,30,0,0,0,0,0,0,0,0,0,0,0,0,0,94
2024,MICROAUTOTECH PVT. LTD.,0,2,0,0,0,0,0,0,0,0,0,0,0,0,0,0,2
2024,MILLENNIAL MOTORS LLP,0,0,0,0,10,0,0,0,0,0,0,0,0,0,0,0,10
2024,MINI METRO EV L.L.P,0,0,0,9,"5,749",0,0,0,0,0,0,0,0,0,0,0,"5,758"
2024,MIRAKLE 5 AUTOMOBILES PVT LTD,0,11,0,0,0,0,0,0,0,0,0,0,0,0,0,0,11
2024,MITSUBISHI MOTORS CORPORATION,0,0,0,0,0,0,0,0,0,0,0,0,0,1,0,0,1
2024,M K BROTHERS,0,0,0,0,9,0,0,0,0,0,0,0,0,0,0,0,9
2024,M.K. ENTERPRISES,0,0,0,0,461,0,0,0,0,0,0,0,0,0,0,0,461
2024,MLR AUTO LTD,0,0,0,4,"1,634",0,0,0,0,15,0,0,0,0,0,0,"1,653"
2024,MODERN  AGRO  INDUSTRIES,0,0,0,0,0,0,0,0,0,1,0,0,0,0,0,0,1
2024,"MOHAN ENGINEERING WORKS, SAMBALPUR",0,0,0,0,0,0,0,0,0,6,0,0,0,0,0,0,6
2024,MOHAN GENERAL TRADING COMPANY,0,0,0,0,12,0,0,0,0,0,0,0,0,0,0,0,12
2024,MOMU AUTOMOTIVE,0,0,0,0,103,0,0,0,0,0,0,0,0,0,0,0,103
2024,MONDAL TRADING,0,0,0,0,27,0,0,0,0,0,0,0,0,0,0,0,27
2024,MOON AGRICULTURE & FABRICATION WORKS,0,0,0,0,0,0,0,0,0,2,0,0,0,0,0,0,2
2024,MOTORSIGNS INDIA,0,0,0,0,0,0,0,0,0,0,0,0,0,0,0,3,3
2024,MOTOVOLT MOBILITY PVT LTD,0,10,0,0,0,0,0,0,0,0,0,0,0,0,0,0,10
2024,MOVE STONE SERVICES PVT LTD,0,0,0,0,"1,465",0,0,0,0,0,0,0,0,0,0,0,"1,465"
2024,M S AGRO INDUSTRIES,0,0,0,0,0,0,0,0,0,0,0,0,0,0,0,4,4
2024,"M/S AJAY ENGINEERING WORKS EQUIPMENTS PVT LTD ,SAMBALPUR",0,0,0,0,0,0,0,0,0,41,0,0,0,0,0,0,41
2024,"M/S AKRITI,BAMRA",0,0,0,0,0,0,0,0,0,1,0,0,0,0,0,0,1
2024,M/S ASHOKA INDUSTRIES,0,0,0,0,0,0,0,0,0,3,0,0,0,0,0,0,3
2024,M/S BALAJI AUTO ENG WORKS,0,0,0,0,0,0,0,0,0,0,11,0,0,0,0,0,11
2024,M/S BHARAT TRAILERS,0,0,0,0,0,0,0,0,0,0,80,0,0,0,0,0,80
2024,M/S DAS ENGINEERING WORKSHOP,0,0,0,0,0,0,0,0,0,11,0,0,0,0,0,0,11
2024,M/S HARITKRANTI AGRO UDYOG,0,0,0,0,0,0,0,0,0,0,16,0,0,0,0,0,16
2024,M/S HOTA AGRO (TRAILER),0,0,0,0,0,0,0,0,0,4,0,0,0,0,0,0,4
2024,M/S JAVED STEEL INDUSTRIES,0,0,0,0,0,0,0,0,0,0,7,0,0,0,0,0,7
2024,M/S KASTKAR AGRO INDUSTRIES,0,0,0,0,0,0,0,0,0,0,60,0,0,0,0,0,60
2024,M/S K K AGRO INDUSTRIES,0,0,0,0,0,0,0,0,0,0,6,0,0,0,0,0,6
2024,M/S LAKSHMI ENGINEERING WORKS,0,0,0,0,0,0,0,0,0,0,2,0,0,0,0,0,2
2024,M/S LOHIYA AGRO INDUSTRIES,0,0,0,0,0,0,0,0,0,0,14,0,0,0,0,0,14
2024,M/S MAA MANGALA INDUSTRIES,0,0,0,0,0,0,0,0,0,52,0,0,0,0,0,0,52
2024,M/S MAA MOTORS WORKS,0,0,0,0,0,0,0,0,0,53,0,0,0,0,0,0,53
2024,M/S MAA MOTORS WORKSHOP,0,0,0,0,0,0,0,0,0,67,0,0,0,0,0,0,67
2024,M/S NANDI ENGINEERING WORKS,0,0,0,0,0,0,0,0,0,6,0,0,0,0,0,0,6
2024,M/S NATIONAL STEEL AND WIRE PRODUCTS SAMBALPUR,0,0,0,0,0,0,0,0,0,1,0,0,0,0,0,0,1
2024,M/S NEW SHETKARI ENGINEERING WORK,0,0,0,0,0,0,0,0,0,0,34,0,0,0,0,0,34
2024,M/S NEW SHIV SHAKTI TRAILORS,0,0,0,0,0,0,0,0,0,0,5,0,0,1,0,0,6
2024,M/S. PALLAVI INDUSTRIES,0,0,0,0,0,0,0,0,0,0,3,0,0,0,0,0,3
2024,"M/S PATEL & SONS ENGINEERING WORKS,SAMBALPUR",0,0,0,0,0,0,0,0,0,10,1,0,0,0,0,0,11
2024,M/S RAM AGRO MACHINARY,0,0,0,0,0,0,0,0,0,0,19,0,0,0,0,0,19
2024,M/S SAI AGRO MECHINERY,0,0,0,0,0,0,0,0,0,1,0,0,0,0,0,0,1
2024,M/S SAI AUTO ENGINEERING WORKS,0,0,0,0,0,0,0,0,0,2,0,0,0,0,0,0,2
2024,M/S SARANGI MOTROS,0,0,0,0,0,0,0,0,0,86,0,0,0,0,0,0,86
2024,M/S SARMA ENGINEERING WORKS,0,0,0,0,0,0,0,0,0,8,0,0,0,0,0,0,8
2024,M/S SCHWING STETTER (INDIA) PRIVATE LIMITED,0,0,0,0,0,0,0,5,0,0,1,0,1,3,0,508,518
2024,M/S-SHRADHA INDUSTRIES,0,0,0,0,0,0,0,0,0,6,0,0,0,0,0,0,6
2024,M/S SHREE SHYAM AGRO PRODUCTS,0,0,0,0,0,0,0,0,0,1,0,0,0,0,0,0,1
2024,M/S SHRI DATTA WELDING WORKS,0,0,0,0,0,0,0,0,0,0,1,0,0,0,0,0,1
2024,M/S SHRIRAM AUTO TECH PVT LTD,0,0,0,0,"1,291",0,0,0,0,0,0,0,0,0,0,0,"1,291"
2024,M/S SREE SARAVANABAVA AGRO INDUSTRIES AP313373321,0,0,0,0,0,0,0,0,0,1,0,0,0,0,0,0,1
2024,"M/S. S. R. ENTERPRISES,JAIPATNA",0,0,0,0,0,0,0,0,0,1,0,0,0,0,0,0,1
2024,M/S S.S. AGRO INDUSTRIES,0,0,0,0,0,0,0,0,0,0,1,0,0,0,0,0,1
2024,"M/S SUBHAM ENGINEERING WORKSHOP, BALIAPAL, BALASORE",0,0,0,0,0,0,0,0,0,10,0,0,0,0,0,0,10
2024,M/S SUPERIOR MANUFACTURING COMPANY,0,0,0,0,0,0,0,0,0,0,18,0,0,0,0,0,18
2024," 
M/S. VENKAT ENGINEERING WORKS, JAIPATNA 
 ",0,0,0,0,0,0,0,0,0,0,3,0,0,0,0,0,3
2024,M/S VISHNU CLEAN ENERGY VEHICLES LLP,0,0,0,0,34,0,0,0,0,2,1,0,0,0,0,0,37
2024,M/S YOGIRAJ ENGINEERING COMPANY,0,0,0,0,0,0,0,0,0,0,2,0,0,0,0,0,2
2024,MUNDE MECHANICAL WORKS,0,0,0,0,0,0,0,0,0,0,0,0,0,0,0,45,45
2024,MYTRAH MOBILITY PVT LTD,0,0,0,0,0,0,0,0,57,0,0,0,0,0,0,0,57
2024,N0VA AUTOMOTIVE TECHNOLOGIES PVT. LTD,0,0,0,0,"2,100",0,0,0,0,0,0,0,0,0,0,0,"2,100"
2024,"NAIK TROLLEY AND IMPL,SNG",0,0,0,0,0,0,0,0,0,473,0,0,0,0,0,0,473
2024,"NAIK TROLLEY&IMPLS,BHEDABAHAL",0,0,0,0,0,0,0,0,0,1,0,0,0,0,0,0,1
2024,NAMAH INDUSTRIES PVT LTD,0,0,0,0,82,0,0,0,0,0,0,0,0,0,0,0,82
2024,NARINDERA AGRO WORKS,0,0,0,0,0,0,0,0,0,0,0,0,0,0,0,17,17
2024,NATIONAL ENGG WORKS,0,0,0,0,0,0,0,0,0,1,0,0,0,0,0,0,1
2024,NAVDURGA TRAILERS,0,0,0,0,0,0,8,0,0,0,0,0,0,0,0,0,8
2024,NAVNIT MOTORS PVT LTD,0,0,0,0,0,0,0,0,0,0,5,0,0,0,0,0,5
2024,NAZAR SINGH & SONS,0,0,0,0,0,0,0,0,0,0,0,0,0,0,0,15,15
2024,NDS ECO MOTORS PVT LTD,0,2,0,0,0,0,0,0,0,0,0,0,0,0,0,0,2
2024,NEEDLE EYE PLASTIC INDUSTRIES PVT LTD,0,0,0,0,256,0,0,0,0,0,0,0,0,0,0,0,256
2024,NEELAM CYCLE,0,0,0,0,18,0,0,0,0,0,0,0,0,0,0,0,18
2024,NEUON MOTORS LLP,0,0,0,0,42,0,0,0,0,0,0,0,0,0,0,0,42
2024,NEW ARCANA INDIA,0,0,0,0,376,0,0,0,0,0,0,0,0,0,0,0,376
2024,NEW CHAWLA INDUSTRIES,0,0,0,0,35,0,0,0,0,0,0,0,0,0,0,0,35
2024,NEW DEVE AGRO WORKS PVT LTD,0,0,0,0,0,0,0,0,0,0,0,0,0,0,0,17,17
2024,NEW GAHIR AGRO INDUSTRIES,0,0,0,0,0,0,0,0,0,0,0,0,0,0,0,27,27
2024,NEW GOBIND AGRO INDUSTRIES,0,0,0,0,0,0,0,0,0,0,0,0,0,0,0,13,13
2024,NEW GOLDEN AGRICULTURE,0,0,0,0,0,0,0,0,0,3,0,0,0,0,0,0,3
2024,NEW GURDIAL AGRO INDUSTRIES PVT LTD,0,0,0,0,0,0,0,0,0,0,1,0,0,0,0,93,94
2024,NEW HOLLAND CONSTRUCTION EQUIPMENT(I) PVT.LTD.,0,0,0,0,0,0,0,0,0,0,3,0,0,0,0,0,3
2024,NEW HOLLAND FIAT INDIA PVT. LTD.,0,0,0,0,0,0,0,0,0,0,1,0,0,0,0,0,1
2024,NEW MARTHWADA QUALITY TRAILOR,0,0,0,0,0,0,0,0,0,0,12,0,0,0,0,0,12
2024,NEW SUPER QUALITY TRAILOR,0,0,0,0,0,0,0,0,0,0,40,0,0,0,0,0,40
2024,NGAGE WHEEL PVT LTD,0,0,0,0,8,0,0,0,0,0,0,0,0,0,0,0,8
2024,NHD MOTORS,0,0,0,0,131,0,0,0,0,0,0,0,0,0,0,0,131
2024,NINGBO LONGJIA (IMPORTER: ADISHWAR AUTO),0,54,0,0,0,0,0,0,0,0,0,0,0,0,0,0,54
2024,NINGBO SANJIANG (IMPORTER: VABRO EVTECH),0,17,0,0,0,0,0,0,0,0,0,0,0,0,0,0,17
2024,NIPUN SANYANTRA PVT LTD,0,0,0,0,103,0,0,0,0,0,0,0,0,0,0,0,103
2024,NIRMAL UTILITY SERVICES PVT LTD,0,0,0,0,4,0,0,0,0,0,0,0,0,0,0,0,4
2024,NISIKI TECHNOLOGIES PVT LTD,0,20,0,0,0,0,0,0,0,0,0,0,0,0,0,0,20
2024,NISSAN MOTOR INDIA PVT LTD,0,0,0,0,0,9,0,0,0,0,"11,679",16,0,0,0,1,"11,705"
2024,N K INDUSTRIES,0,0,0,0,0,0,0,0,0,0,90,0,0,0,0,0,90
2024,NORTON,0,0,0,0,0,0,0,0,0,0,1,0,0,0,0,0,1
2024,NRJ ELECTRIC MOTOR VEHICLES PVT LTD,0,0,0,0,"1,424",0,0,0,0,0,0,0,0,0,0,0,"1,424"
2024,N.S. AGRO WORKS,0,0,0,0,0,0,0,0,0,0,1,0,0,0,0,8,9
2024,OBEN ELECTRIC VEHICLES PVT LTD,0,88,0,0,0,0,0,0,0,0,0,0,0,0,0,0,88
2024,ODYSSE ELECTRIC VEHICLES PVT LTD,0,333,0,0,0,0,0,0,0,0,0,0,0,0,0,0,333
2024,OGATA MOTORS INDIA PVT LTD,0,0,0,0,42,0,0,0,0,0,0,0,0,0,0,0,42
2024,OKAYA EV PVT LTD,0,"3,378",0,0,0,0,0,0,0,0,0,0,0,0,0,0,"3,378"
2024,OKINAWA AUTOTECH PVT LTD,0,"3,136",0,0,0,0,0,0,0,0,0,0,0,0,0,0,"3,136"
2024,OK PLAY INDIA LTD,0,0,0,0,52,0,0,0,0,0,0,0,0,0,0,0,52
2024,OLA ELECTRIC TECHNOLOGIES PVT LTD,0,"1,92,330",10,0,0,0,0,0,0,0,0,0,0,0,0,0,"1,92,340"
2024,OLECTRA GREENTECH LTD,0,0,0,0,0,0,16,0,223,0,0,0,0,0,0,0,239
2024,OM BALAJEE AUTOMOBILE ( INDIA) PVT. LTD,0,0,0,0,"1,019",0,0,0,0,0,0,0,0,0,0,0,"1,019"
2024,OMEGA CONSTRUCTION EQUIPMENT PVT LTD,0,0,0,0,0,0,0,2,0,0,0,0,0,0,0,4,6
2024,OMEGA SALES & AGRO INDUSTRIES,0,0,0,0,157,0,0,0,0,0,0,0,0,0,0,0,157
2024,OMEGA SEIKI PVT LTD,0,0,0,13,"3,730",0,0,0,0,31,0,0,0,0,0,0,"3,774"
2024,OM INDUSTRIES,0,0,0,0,434,0,0,0,0,0,0,0,0,0,0,0,434
2024,OMJAY EV LIMITED,0,9,0,0,0,0,0,0,0,0,0,0,0,0,0,0,9
2024,OM RAJ AUTOTECH LLP,0,0,0,0,418,0,0,0,0,0,0,0,0,0,0,0,418
2024,OM SHREE SAI ENGINEERING,0,0,0,0,0,0,0,0,0,2,4,0,0,0,0,0,6
2024,"OM VINAYAK INDUSTRIES,BGH",0,0,0,0,0,0,0,0,0,2,0,0,0,0,0,0,2
2024,ORDINANCE FACTORY,0,0,0,0,0,0,0,0,0,20,0,0,1,0,0,0,21
2024,OTHERS,0,105,1,0,406,0,285,12,26,941,253,41,30,19,19,1,"2,139"
2024,OZOTEC AUTOMOBILE PRIVATE LIMITED,0,52,0,0,0,0,0,0,0,0,0,0,0,0,0,0,52
2024,PACE AGRO PRIVATE LIMITED,0,0,0,0,7,0,0,0,0,0,0,0,0,0,0,0,7
2024,PANESAR AGRO TECH,0,0,0,0,0,0,0,0,0,0,0,0,0,0,0,24,24
2024,PANTHER ELECTRIC VEHICLES,0,0,0,0,18,0,0,0,0,0,0,0,0,0,0,0,18
2024,PARAMOUNT AUTOMOTIVES,0,0,0,0,0,0,0,0,0,10,0,0,0,0,0,0,10
2024,PARAS INDUSTRIES,0,0,0,0,"1,397",0,0,0,0,0,1,0,0,0,0,0,"1,398"
2024,PARDEEP AGRO INDUSTRIES,0,0,0,0,0,0,0,0,0,0,0,0,0,0,0,5,5
2024,PARI E-VEHICLES,0,0,0,0,181,0,0,0,0,0,0,0,0,0,0,0,181
2024,PARI METRO E RICKSHAW,0,0,0,0,344,0,0,0,0,0,0,0,0,0,0,0,344
2024,PARVEEN AUTO,0,0,0,0,22,0,0,0,0,0,0,0,0,0,0,0,22
2024,PATEL INDUSTRIES,0,0,0,0,0,0,0,0,0,5,0,0,0,0,0,0,5
2024,PATS MOTOR CORP,0,0,0,0,6,0,0,0,0,0,0,0,0,0,0,0,6
2024,PAUL INDUSTRIES,0,0,0,0,0,0,0,0,0,6,0,0,0,0,0,0,6
2024,PAUNIYA TRACTORS AND FARM EQUIPMENT PVT LTD,0,0,0,0,0,0,0,0,0,0,1,0,0,0,0,0,1
2024,PCA AUTOMOBILES INDIA PVT LTD,0,0,0,0,0,1,0,0,0,0,"2,535",338,0,0,0,0,"2,874"
2024,PCA INDIA AUTOMOBILES PVT LTD,0,0,0,0,0,0,0,0,0,0,3,0,0,0,0,0,3
2024,PERFECT TECHNOCRATS,0,0,0,0,0,0,0,0,0,1,0,0,0,0,0,0,1
2024,PIAGGIO VEHICLES PVT LTD,8,"14,830",0,53,"39,013",0,0,0,0,21,2,31,0,0,0,0,"53,958"
2024,PICK ELECTRIC AUTO PVT LTD,0,0,0,0,9,0,0,0,0,0,0,0,0,0,0,0,9
2024,PINNACLE MOBILITY SOLUTIONS PVT LTD,0,0,0,0,0,0,0,0,50,21,0,0,0,0,0,0,71
2024,PLAUDIT TECHNO INDIA PVT LTD,0,0,0,0,222,0,0,0,0,0,0,0,0,0,0,0,222
2024,P M DIESELS PVT LTD,0,0,0,0,0,0,0,0,0,1,31,0,0,0,0,0,32
2024,PMI ELECTRO MOBILITY SOLUTIONS PRIVATE LIMITED,0,0,0,0,0,0,0,0,262,0,0,0,0,0,5,0,267
2024,PODDAR INDUSTRIES,0,0,0,0,0,0,0,0,0,0,1,0,0,0,0,0,1
2024,POLARIS INDIA PVT LTD,0,5,0,0,0,0,0,0,0,43,10,0,0,0,0,0,58
2024,POLYHOSE INDIA PRIVATE LIMITED - C E DIVISION,0,0,0,0,0,0,0,0,0,0,0,0,0,0,0,2,2
2024,POOSHPAK AUTOMOBILES PVT LTD,0,0,0,2,146,0,0,0,0,0,0,0,0,0,0,0,148
2024,PORFITEL TECHNOLOGY (IMPORTER: AERORIDE),0,61,0,0,0,0,0,0,0,0,0,0,0,0,0,0,61
2024,PORSCHE AG GERMANY,0,0,0,0,0,0,0,0,0,0,377,1,0,0,0,0,378
2024,PORWAL ELECTRIC,0,3,0,0,0,0,0,0,0,0,0,0,0,0,0,0,3
2024,POWERLAND AGRO TRACTOR VEHICLES PVT LTD,0,0,0,0,0,0,0,0,0,1,7,0,0,0,0,0,8
2024,PRAAKARM AUTO & CONSTRUCTION EQUIPMENTS,0,0,0,0,19,0,0,0,0,0,0,0,0,0,0,0,19
2024,PRABHA AUTOMOTIVE ENGINEERS PVT LTD,0,0,0,0,8,0,0,0,0,0,0,0,0,0,0,0,8
2024,PRAGATI AGRICULTURE,0,0,0,0,0,0,0,0,0,0,1,0,0,0,0,0,1
2024,PRAGATI ENGINEERING,0,0,0,0,0,0,0,0,0,7,1,0,0,0,0,0,8
2024,PRAG MOTORS,0,0,0,0,66,0,0,0,0,0,0,0,0,0,0,0,66
2024,PRAGYA AUTOMOBILE PVT LTD,0,0,0,0,63,0,0,0,0,0,0,0,0,0,0,0,63
2024,PRAJJWAL MAHAJAN TRADERS,0,0,0,0,81,0,0,0,0,0,0,0,0,0,0,0,81
2024,PRAKASH ENTERPRISES,0,0,0,0,49,0,0,0,0,0,0,0,0,0,0,0,49
2024,PRAKASH TRAILER,0,0,0,0,0,0,0,0,0,5,9,0,0,0,0,0,14
2024,PRASAD AND PRASAD ENG,0,0,0,0,0,0,0,0,0,2,0,0,0,0,0,0,2
2024,PRATYAKSHA TRACTORS PVT LTD,0,0,0,0,0,0,0,0,0,0,2,0,0,0,0,0,2
2024,PREET AGRO INDUSTRIES PVT LTD,0,0,0,0,0,0,0,0,0,0,12,0,0,6,0,302,320
2024,PREET TRACTORS PVT LTD,0,0,0,0,0,0,0,0,0,4,746,0,0,2,0,0,752
2024,PRESTANTIA CREATIONS PVT LTD,0,0,0,0,11,0,0,0,0,0,0,0,0,0,0,0,11
2024,PRIDE E-MOTORS,0,0,0,0,202,0,0,0,0,0,0,0,0,0,0,0,202
2024,PRINCE AGRO WORKS,0,0,0,0,0,0,0,0,0,0,0,0,0,0,0,4,4
2024,PRIYAM INDUSTRIES AND ENGINEERING PVT LTD,0,0,0,0,91,3,0,0,0,0,0,0,0,0,0,0,94
2024,PROPEL INDUSTRIES PVT. LTD.,0,0,0,0,0,0,0,0,0,0,0,0,0,0,0,7,7
2024,PUBANG ETRON ELECTRIC MOTOR PVT LTD,0,0,0,0,5,0,0,0,0,0,0,0,0,0,0,0,5
2024,PUJA ENGINEERING WORKS,0,0,0,0,0,0,0,0,0,6,0,0,0,0,0,0,6
2024,PUNJAB BODY BUILDERS,0,0,0,0,33,0,0,0,0,0,0,0,0,0,0,0,33
2024,PUNJAB HI-TECH INDUSTRIES,0,0,0,0,0,0,0,0,0,0,0,0,0,0,0,10,10
2024,PUNJAB HYDROLIC & ENGINEERS,0,0,0,0,0,0,0,0,0,0,0,0,0,0,0,1,1
2024,PUNJAB TRACTORS LIMITED,0,0,0,0,0,0,0,0,0,1,3,0,0,0,0,0,4
2024,PUR ENERGY PVT LTD,0,"2,398",0,0,0,0,0,0,0,0,0,0,0,0,0,0,"2,398"
2024,PURVA UDYOG PVT LTD,0,0,0,0,3,0,0,0,0,0,0,0,0,0,0,0,3
2024,PUSHKAR INDUSTRIES,0,0,0,0,0,0,0,0,0,0,31,0,0,0,0,0,31
2024,PYTHOX MOTORS PVT LTD,0,0,0,0,293,0,0,0,0,0,0,0,0,0,0,0,293
2024,QIANJIANG-KEEWAY (IMPORTER: ADISHWAR AUTO),0,267,0,0,0,0,0,0,0,0,0,0,0,0,0,0,267
2024,QICHENG VEHICLE (IMPORTER: AUTOICARE INNOVATION),0,27,0,0,0,0,0,0,0,0,0,0,0,0,0,0,27
2024,QOOKEE TECHNOLOGIES (IMPORTER:VIKEBIKE INDIA),0,18,0,0,0,0,0,0,0,0,0,0,0,0,0,0,18
2024,QUALITY ENGINEERING WORK,0,0,0,0,0,0,0,0,0,1,0,0,0,0,0,0,1
2024,QUANTUM ENERGY LTD.,0,"1,827",325,0,0,0,0,0,0,0,0,0,0,0,0,0,"2,152"
2024,R3 ENTERPRISES,0,0,0,0,200,0,0,0,0,0,0,0,0,0,0,0,200
2024,RACCOON MOTORS PVT LTD,0,0,0,0,2,0,0,0,0,0,0,0,0,0,0,0,2
2024,RADHESHYAM TRAILOR,0,0,0,0,0,0,0,0,0,0,35,0,0,0,0,0,35
2024,RAFTAAR ELECTRIC GREEN VEHICLES PVT LTD,0,0,0,0,8,0,0,0,0,0,0,0,0,0,0,0,8
2024,RAHUL AGRO EXPORTS PVT LTD,0,0,0,0,30,0,0,0,0,0,0,0,0,0,0,0,30
2024,"RAJA RANEE AGRO E WORKS,ANGL",0,0,0,0,0,0,0,0,0,1,0,0,0,0,0,0,1
2024,RAJ AUTOMOTIVE,0,0,0,0,31,0,0,0,0,0,0,0,0,0,0,0,31
2024,RAJESH STEEL AND WIRE INDUSTRIES,0,0,0,0,2,0,0,0,0,0,0,0,0,0,0,0,2
2024,RAM AGRO INDUSTRIES,0,0,0,0,0,0,0,0,0,0,0,0,0,0,0,23,23
2024,RAMA INDUSTRIES,0,0,0,0,14,0,0,0,0,0,1,0,0,0,0,0,15
2024,RAM CHAND & SONS,0,0,0,0,0,0,0,0,0,0,0,0,0,0,0,15,15
2024,RAMGARHIA ENGG WORKS,0,0,0,0,0,0,0,0,0,0,0,0,0,0,0,9,9
2024,RAMJI AGRO INDUSTRIES,0,0,0,0,0,0,0,0,0,0,0,0,0,0,0,5,5
2024,RAMON INDUSTRIES,0,0,0,0,36,0,0,0,0,0,0,0,0,0,0,0,36
2024,RANA ENGINEER WORKS,0,0,0,0,441,0,0,0,0,0,0,0,0,0,0,0,441
2024,RASANDIK ENGINEERING INDUSTRIES INDIA LTD,0,0,0,0,114,0,0,0,0,0,0,0,0,0,0,0,114
2024,RASIWASIA RASAYAN PVT LTD,0,0,0,0,3,0,0,0,0,0,0,0,0,0,0,0,3
2024,RATAN ENGINEERING WORKS,0,0,0,0,0,0,0,0,0,1,2,0,0,0,0,0,3
2024,RATNA ENGINEERING ENTERPRISES,0,0,0,0,0,0,0,0,0,1,0,0,0,0,0,0,1
2024,RAVI METAL WORKS,0,0,0,0,273,0,0,0,0,0,0,0,0,0,0,0,273
2024,RAVINDRA AGRO WORKS,0,0,0,0,0,0,0,0,0,0,0,0,0,0,0,5,5
2024,RAYON ENGINEERS,0,0,0,0,579,0,0,0,0,0,0,0,0,0,0,0,579
2024, R B INDUSTRIES   ,0,0,0,0,0,0,0,0,0,2,0,0,0,0,0,0,2
2024,RCJ AUTO FORGE PVT LTD,0,0,0,0,352,0,0,0,0,0,0,0,0,0,0,0,352
2024,RDS INDUSTRIES,0,0,0,0,109,0,0,0,0,0,0,0,0,0,0,0,109
2024,REEP INDUSTRIES PVT LTD,0,0,0,3,365,0,0,0,0,0,0,0,0,0,0,0,368
2024,REFLEX CONTROL SYSTEM PVT .LTD,0,0,0,0,25,0,0,0,0,0,0,0,0,0,0,0,25
2024,REGENERATION E BIKES,0,5,0,0,0,0,0,0,0,0,0,0,0,0,0,0,5
2024,RENAULT INDIA PVT LTD,0,0,0,0,0,32,0,0,0,0,"18,667",246,0,0,0,0,"18,945"
2024,REPUBLIC MOTORS,0,0,0,0,120,0,0,0,0,0,0,0,0,0,0,0,120
2024,REVOLT INTELLICORP PVT LTD,0,"3,056",0,0,0,0,0,0,0,0,0,0,0,0,0,0,"3,056"
2024,RGM BUSINESS PLUS PVT LTD,0,149,0,0,0,0,0,0,0,0,0,0,0,0,0,0,149
2024,RG PETRO MACHINERY CO,0,0,0,0,0,0,0,0,0,0,0,0,0,0,0,1,1
2024,RIBAND ELECTRIC PVT LTD,0,0,0,0,162,0,0,0,0,0,0,0,0,0,0,0,162
2024,RICHFORD ALLIANZ PVT LTD,0,0,0,0,50,0,0,0,0,0,0,0,0,0,0,0,50
2024,RIVER MOBILITY PVT LTD,0,697,5,0,0,0,0,0,0,0,0,0,0,0,0,0,702
2024,RIYA ENTERPRISE,0,0,0,0,5,0,0,0,0,0,0,0,0,0,0,0,5
2024,"RK ENGG WORKS,JUNAGARH",0,0,0,0,0,0,0,0,0,1,0,0,0,0,0,0,1
2024,RK TRACTOR,0,0,0,0,0,0,0,0,0,0,1,0,0,0,0,0,1
2024,ROANSOME MOTORS,0,0,0,0,65,0,0,0,0,0,0,0,0,0,0,0,65
2024,ROARLEO MOTOR PVT LTD,0,0,0,0,123,0,0,0,0,0,0,0,0,0,0,0,123
2024,ROLLS ROYCE,0,0,0,0,0,0,0,0,0,0,2,0,0,0,0,0,2
2024,ROLLS-ROYCE MOTOR CARS(IMPORTER:SELECT CARS P LTD),0,0,0,0,0,0,0,0,0,0,7,0,0,0,0,0,7
2024,ROOPRAI AGRO INDUSTRIES,0,0,0,0,0,0,0,0,0,0,0,0,0,0,0,3,3
2024,ROWWET MOBILITY PVT LTD,0,218,0,0,0,0,0,0,0,0,0,0,0,0,0,0,218
2024,ROYAL-ENFIELD (UNIT OF EICHER LTD),2,"3,35,836",576,0,0,0,0,0,0,0,0,0,0,0,0,0,"3,36,414"
2024,ROYAL TRACTOR PVT LTD,0,0,0,0,0,0,0,0,0,0,1,0,0,0,0,0,1
2024,ROYCE EV PVT LTD,0,0,0,0,151,0,0,0,0,0,0,0,0,0,0,0,151
2024,RP MOTORS,0,0,0,0,60,0,0,0,0,0,0,0,0,0,0,0,60
2024,RUPAL AGRO INDUSTRIES,0,0,0,0,0,0,0,0,0,0,0,0,0,0,0,10,10
2024,RUTBA PRODUCT PVT LTD,0,0,0,0,280,0,0,0,0,0,0,0,0,0,0,0,280
2024,SACHITANAND ENGINEERING WORKS,0,0,0,0,0,0,0,0,0,0,5,0,0,0,0,0,5
2024,SADGURU TRAILER & AGRI EQUIP,0,0,0,0,0,0,0,0,0,0,3,0,0,0,0,0,3
2024,SAERA ELECTRIC AUTO PVT LTD,0,0,0,0,"11,164",0,0,0,0,0,0,0,0,0,0,0,"11,164"
2024,SAGAR AGRO STEEL INDUSTRIES,0,0,0,0,0,0,0,0,0,1,119,0,0,0,0,0,120
2024,SAGAR FABRICATIONS,0,0,0,0,12,0,0,0,0,0,0,0,0,0,0,0,12
2024,SAGAR INDUSTRIES,0,0,0,0,0,0,0,0,0,0,1,0,0,0,0,0,1
2024,SAHARA TRALIORS,0,0,0,0,0,0,0,0,0,0,0,0,0,4,0,0,4
2024,SAHNIANAND E VEHICLES PVT LTD,0,0,0,0,"3,521",0,0,0,0,0,0,0,0,0,0,0,"3,521"
2024,SAHU INDUSTRIES,0,0,0,0,0,0,0,0,0,22,0,0,0,0,0,0,22
2024,SAI AGRO INDUSTRIES,0,0,0,0,0,0,0,0,0,4,1,0,0,0,0,0,5
2024,SAI ENGINEERING AND WELDING WORKS  ,0,0,0,0,0,0,0,0,0,13,3,0,0,0,0,0,16
2024,"SAI ENGINEERING,MAHIPUR",0,0,0,0,0,0,0,0,0,1,0,0,0,0,0,0,1
2024,SAIFIAN SOLAR PVT LTD,0,0,0,0,18,0,0,0,0,0,0,0,0,0,0,0,18
2024,"SAI KRUPA ENGG WORKS,BHMPUR",0,0,0,0,0,0,0,0,0,24,0,0,0,0,0,0,24
2024,SAINIK CYCLE MART,0,0,0,0,5,0,0,0,0,0,0,0,0,0,0,0,5
2024,SAI SAMEER POWER ELECTRIC VEHICLES PVT LTD,0,7,0,0,0,0,0,0,0,0,0,0,0,0,0,0,7
2024,SAJEDA ENGINEERING BHAWANIPATNA,0,0,0,0,0,0,0,0,0,4,0,0,0,0,0,0,4
2024,SAKSHAM TECH AUTOMOBILES,0,0,0,0,49,0,0,0,0,0,0,0,0,0,0,0,49
2024,SAKSHAM TRADING COMPANY,0,0,0,0,58,0,0,0,0,0,0,0,0,0,0,0,58
2024,SAMALESWARI ENGG WORKS,0,0,0,0,0,0,0,0,0,1,0,0,0,0,0,0,1
2024,"SAMAL FABRICATOR,BARCHANA",0,0,0,0,0,0,0,0,0,11,0,0,0,0,0,0,11
2024,SAME DEUTZ - FAHR INDIA (P) LTD.,0,0,0,0,0,0,0,0,0,4,274,0,0,0,0,0,278
2024,SAMEER ENGINEERING,0,0,0,0,19,0,0,0,0,0,0,0,0,0,0,0,19
2024,SAMRAT ELECTRIC VEHICLE,0,0,0,0,266,0,0,0,0,0,0,0,0,0,0,0,266
2024,S AND J INDUSTRIES,0,0,0,0,24,0,0,0,0,0,0,0,0,0,0,0,24
2024,"S AND S ENGG WORKS,BGH",0,0,0,0,0,0,0,0,0,1,0,0,0,0,0,0,1
2024,SANSAR COMBINE,0,0,0,0,0,0,0,0,0,0,0,0,0,0,0,9,9
2024,SANTOSH ENGG WORKS,0,0,0,0,0,0,0,0,0,45,1,0,0,0,0,0,46
2024,SANY HEAVY INDUSTRY INDIA PVT LTD,0,0,0,0,0,0,0,7,0,0,0,0,0,0,0,190,197
2024,SANY INDIA,0,0,0,0,0,0,0,1,0,0,0,0,0,0,0,0,1
2024,"SARASWATI AGRO INDUSTRIES,CTC",0,0,0,0,0,0,0,0,0,20,0,0,0,0,0,0,20
2024,SARAVANA ENGINEERING WORKS,0,0,0,0,3,0,0,0,0,0,0,0,0,0,0,0,3
2024,SATHI MOTORS ELECTRIC VEHICLE PVT LTD,0,0,0,0,"1,387",0,0,0,0,0,0,0,0,0,0,0,"1,387"
2024,SATKARTAR AGRO WORKS,0,0,0,0,0,0,0,0,0,0,0,0,0,0,0,22,22
2024,SATNAM ENGG WORKS,0,0,0,0,0,0,0,0,0,0,0,0,0,0,0,4,4
2024,SATRAC ENGINEERING PVT LTD,0,0,0,0,0,0,10,0,0,0,0,0,0,0,0,0,10
2024,"SATYASAI INDUSTRIES,DHENKANAL",0,0,0,0,0,0,0,0,0,3,0,0,0,0,0,0,3
2024,SAURABH ELECTRIC AUTO,0,0,0,0,13,0,0,0,0,0,0,0,0,0,0,0,13
2024,SAYA AGRO INDUSTRIES,0,0,0,0,0,0,0,0,0,0,5,0,0,0,0,0,5
2024,S.B. RESHELLERS PVT LTD,0,0,0,0,0,0,0,0,0,0,0,0,0,0,0,15,15
2024,SBTEK E MOTO PVT LTD,0,6,0,0,0,0,0,0,0,0,0,0,0,0,0,0,6
2024,S B TRADERS,0,0,0,0,58,0,0,0,0,0,0,0,0,0,0,0,58
2024,SCA HAEVY EQUIPMENT PVT. LTD,0,0,0,0,0,0,0,1,0,0,0,0,0,0,0,0,1
2024,SCANIA COMMERCIAL VEHICLES INDIA PVT LIMITED,0,0,0,0,0,0,54,0,0,0,0,0,0,0,0,0,54
2024,SCOOTERS INDIA LTD,0,0,0,0,1,0,0,0,0,0,0,0,0,0,0,0,1
2024,SEALION AUTOMOBILE PVT LTD,0,0,0,0,12,0,0,0,0,0,0,0,0,0,0,0,12
2024,SEAMLESS AUTOTECH PVT LTD,0,0,0,0,0,0,13,0,0,0,0,0,0,0,0,0,13
2024,SEC-RJMT ENGINEERING PVT LTD,0,0,0,0,0,0,0,2,0,0,0,0,0,1,0,48,51
2024,SEEKA E MOTORS PVT LTD,0,10,0,0,0,0,0,0,0,0,0,0,0,0,0,0,10
2024,SEN AND PANDIT VOLTAGE CONTROL PVT LTD,0,0,0,0,22,0,0,0,0,0,0,0,0,0,0,0,22
2024,SETH INDUSTRIAL CORPORATION,0,0,0,0,513,0,0,0,0,0,0,0,0,0,0,0,513
2024,SF2 E VEHICLE PVT LTD,0,0,0,0,4,0,0,0,0,0,0,0,0,0,0,0,4
2024,SGLLINE MOTORS PVT LTD,0,0,0,0,20,0,0,0,0,0,0,0,0,0,0,0,20
2024,SHAILENDRA AUTOS PVT LTD,0,0,0,0,68,0,0,0,0,0,0,0,0,0,0,0,68
2024,SHAKTI AUTO GREEN,0,0,0,0,415,0,0,0,0,0,1,0,0,0,0,0,416
2024,SHAKTI ENGINEERING WORK,0,0,0,0,0,0,0,0,0,1,1,0,0,0,0,0,2
2024,"SHAKTI EN WORKS HALADIAPADAR,BERHAMPUR,GANJAM",0,0,0,0,0,0,0,0,0,1,0,0,0,0,0,0,1
2024,SHAKTIMAN AGRO INDUSTRIES,0,0,0,0,0,0,0,0,0,0,0,0,0,0,0,36,36
2024,SHAKTTI CONSTRUCTIONS EQUIPMENT PVT LTD,0,0,0,0,0,0,0,67,0,0,0,0,0,0,0,90,157
2024,SHALYA AUTO SALES PVT LTD,0,0,0,0,288,0,0,0,0,0,0,0,0,0,0,0,288
2024,SHAMMI ELECTRONICS,0,0,0,0,16,0,0,0,0,0,0,0,0,0,0,0,16
2024,SHARMA-SHARMA ENGN WORKS,0,0,0,0,0,0,0,0,0,1,0,0,0,0,0,0,1
2024,SHEHALPREET ENGG WORKS,0,0,0,0,0,0,0,0,0,0,0,0,0,0,0,2,2
2024,SHEMA E- VEHCILE & SOLAR PVT LTD,0,"1,568",0,0,0,0,0,0,0,0,0,0,0,0,0,0,"1,568"
2024,SHIGAN EVOLTZ LTD,0,0,0,0,110,0,0,0,0,0,0,0,0,0,0,0,110
2024,SHINE METAL UDYOG PVT LTD (UNIT- II),0,0,0,0,92,0,0,0,0,0,0,0,0,0,0,0,92
2024,SHINME ELECTRICAL VEHICLE PVT LTD,0,0,0,0,45,0,0,0,0,0,0,0,0,0,0,0,45
2024,SHIVA ENTERPRISES,0,0,0,0,31,0,0,0,0,0,0,0,0,0,0,0,31
2024,SHIV AGRO INDUSTRIES,0,0,0,0,0,0,0,0,0,1,131,0,0,0,0,0,132
2024,SHIV AGRO INDUSTRIES YJ,0,0,0,0,0,0,0,0,0,0,1,0,0,0,0,0,1
2024,SHIVAJI AGRO INDUSTRIES,0,0,0,0,0,0,0,0,0,0,11,0,0,0,0,0,11
2024,SHIVASHAKTHI ENG WORKS,0,0,0,0,0,0,0,0,0,1,53,0,0,0,0,0,54
2024,SHIVGANGA ECOGREEN LLP,0,0,0,0,2,0,0,0,0,1,0,0,0,0,0,0,3
2024,SHIVKRUPA TRAILOR,0,0,0,0,0,0,0,0,0,0,7,0,0,0,0,0,7
2024,SHIV OM INDIA,0,0,0,0,119,0,0,0,0,0,0,0,0,0,0,0,119
2024,SHIVRAJ TRAILOR,0,0,0,0,0,0,0,0,0,0,16,0,0,0,0,0,16
2024,SHIV SHAKTI ENTERPRISE,0,0,0,0,0,0,0,0,0,5,0,0,0,0,0,0,5
2024,SHIVSHAKTI STEEL INDUSTRIES LATUR,0,0,0,0,0,0,0,0,0,0,2,0,0,2,0,0,4
2024,SHOBHA ENG WORKS,0,0,0,0,0,0,0,0,0,0,15,0,0,0,0,0,15
2024,SHREE BALAJI ENGINEERING WORK SHOP,0,0,0,0,0,0,0,0,0,0,7,0,0,0,0,0,7
2024,SHREE DURGA FABRICATION COMPANY,0,0,0,0,0,0,1,0,0,0,0,0,0,0,0,0,1
2024,SHREE MARUT E-AGROTECH PVT LTD,0,0,0,0,0,0,0,0,0,0,1,0,0,0,0,0,1
2024,SHREE MARUTI NANDAN BUSINESSS (P) LTD,0,0,0,0,76,0,0,0,0,0,0,0,0,0,0,0,76
2024,SHREE SAI AGRO ENGINEERING WORKS,0,0,0,0,0,0,0,0,0,0,21,0,0,0,0,0,21
2024,SHREYA ENGINEERS,0,0,0,0,3,0,0,0,0,0,0,0,0,0,0,0,3
2024,SHRI AVP ENGINEERING WORK,0,0,0,0,0,0,0,0,0,2,0,0,0,0,0,0,2
2024,SHRI BARSANA E-VEHICLES PVT LTD,0,0,0,0,"2,225",0,0,0,0,0,0,0,0,0,0,0,"2,225"
2024,SHRI DATTA AGRO INDUSTRIES,0,0,0,0,0,0,0,0,0,0,16,0,0,0,0,0,16
2024,SHRI DURGA EQUIPMENT,0,0,0,0,0,0,1,0,0,0,0,0,0,0,0,0,1
2024,SHRI GANESH ENGINERRING WORKS,0,0,0,0,0,0,0,0,0,1,46,0,0,0,0,0,47
2024,SHRI MAHALAXMI AGRO IND,0,0,0,0,0,0,0,0,0,0,6,0,0,0,0,0,6
2024,SHRI NAMO ELECTRIC AUTOMOTIVE,0,0,0,0,282,0,0,0,0,0,0,0,0,0,0,0,282
2024,SHRI NANDI TRAILER WORKS,0,0,0,0,0,0,0,0,0,0,2,0,0,0,0,0,2
2024,SHRINIWAS AGRO INDUSTRIES,0,0,0,0,0,0,0,0,0,0,16,0,0,0,0,0,16
2024,SHRIRAJ ELECTRIC VEHICLES,0,0,0,0,911,0,0,0,0,0,0,0,0,0,0,0,911
2024,SHRI RAM AGRO INDUSTRIES,0,0,0,0,0,0,0,0,0,0,0,0,0,2,0,0,2
2024,SHRI RAM AUTO TECH PVT LTD,0,0,0,0,0,0,0,0,0,0,1,0,0,0,0,0,1
2024,SHRI RAM TRAILOR,0,0,0,0,0,0,0,0,0,0,5,0,0,0,0,0,5
2024,SHRI SHANKAR ENG WORKS,0,0,0,0,0,0,0,0,0,58,0,0,0,0,0,0,58
2024,SHRI SHIVAJI ENG WORKS,0,0,0,0,0,0,0,0,0,0,8,0,0,0,0,0,8
2024,SHRI SHIVSHIDHA AGRI IMPLIMENT,0,0,0,0,0,0,0,0,0,0,6,0,0,0,0,0,6
2024,SHRI SHYAM ENGG WORKS,0,0,0,0,0,0,0,0,0,0,3,0,0,0,0,0,3
2024,SHRI SWASTIK ENGG,0,0,0,0,0,0,0,0,0,43,0,0,0,0,0,0,43
2024,SHRI VADESHWAR TRAILORS,0,0,0,0,0,0,0,0,0,0,6,0,0,0,0,0,6
2024,SHRI VENKATESHWAR AGRO INDUSTRIES,0,0,0,0,0,0,0,0,0,1,7,0,0,0,0,0,8
2024,SHRI VIJAY ENGINEERING WORKS,0,0,0,0,0,0,0,0,0,0,3,0,0,0,0,0,3
2024,SHRI VISHWAKARMA AUTOMOBILE,0,0,0,0,0,0,0,0,0,0,73,0,0,0,0,0,73
2024,SHUBHAM MANUFACTURER,0,0,0,0,11,0,0,0,0,0,0,0,0,0,0,0,11
2024,"
SIDDHAKALA ENGINEERING AND WELDING WORKS

",0,0,0,0,0,0,0,0,0,0,11,0,0,0,0,0,11
2024,SIDHI DURGA ENGINEERING,0,0,0,0,0,0,0,0,0,35,0,0,0,0,0,0,35
2024,SIMPLEENERGY PVT LTD,0,460,0,0,0,0,0,0,0,0,0,0,0,0,0,0,460
2024,SINGHAL ENTERPRISES,0,0,0,0,46,0,0,0,0,0,0,0,0,0,0,0,46
2024,SINGH AUTOMOBILES,0,0,0,0,216,0,0,0,0,0,0,0,0,0,0,0,216
2024,SIRF INDIA VEHICLES PVT LTD,0,0,0,0,38,0,0,0,0,0,0,0,0,0,0,0,38
2024,SITYOG ENGINEERING PVT LTD,0,0,0,0,2,0,0,0,0,0,0,0,0,0,0,0,2
2024,SIWACH STEEL PVT LTD,0,0,0,0,5,0,0,0,0,0,0,0,0,0,0,0,5
2024,SIX SENSES AUTOMOTIVE PVT LTD,0,0,0,0,24,0,0,0,0,0,0,0,0,0,0,0,24
2024,SKODA AUTO AS,0,0,0,0,0,0,0,0,0,0,8,0,0,0,0,0,8
2024,SKODA AUTO INDIA PVT LTD,0,0,0,0,0,0,0,0,0,0,6,0,0,0,0,0,6
2024,SKODA AUTO VOLKSWAGEN INDIA PVT LTD,0,0,0,0,0,18,0,0,0,0,"33,617",14,0,0,0,0,"33,649"
2024,SKS TRADE INDIA PVT LTD,0,0,0,0,"4,262",0,0,0,0,0,1,0,0,0,0,0,"4,263"
2024,SKYRIDE AUTOMOTIVE,0,0,0,0,10,0,0,0,0,0,0,0,0,0,0,0,10
2024,SKYY RIDER ELECTRIC PRIVATE LIMITED,0,0,0,0,101,0,0,0,0,0,0,0,0,0,0,0,101
2024,SMAP VEHICLES (IMPORTER: ELEGO MOTORS),0,2,0,0,0,0,0,0,0,0,0,0,0,0,0,0,2
2024,SMART ELECTRO MOTORS,0,0,0,0,23,0,0,0,0,0,0,0,0,0,0,0,23
2024,SML ISUZU LTD,0,0,0,0,0,0,3,0,23,556,58,"2,102",878,13,"1,389",15,"5,037"
2024,"S.N.ENGINEERING, CUTTACK",0,0,0,0,0,0,0,0,0,1,0,0,0,0,0,0,1
2024,SN SOLAR ENERGY,0,0,0,0,167,0,0,0,0,0,0,0,0,0,0,0,167
2024,SOKUDO ELECTRIC INDIA PVT LTD,0,158,0,0,0,0,0,0,0,0,0,0,0,0,0,0,158
2024,SOLANKE ENGINEERING WORKS,0,0,0,0,0,0,0,0,0,0,3,0,0,0,0,0,3
2024,SONALIKA INDUSTRIES,0,0,0,0,0,0,0,0,0,0,0,0,0,0,0,10,10
2024,SONALIKA INTERNATIONAL TRACTORS LIMITED,0,0,0,0,0,0,0,0,0,0,7,0,0,0,0,0,7
2024,SONI E VEHICLE PVT LTD,0,0,0,0,17,0,0,0,0,0,0,0,0,0,0,0,17
2024,SPEED AUTO TECH,0,0,0,0,11,0,0,0,0,0,0,0,0,0,0,0,11
2024,SPEEDWAYS ELECTRIC,0,0,0,0,2,0,0,0,0,0,0,0,0,0,0,0,2
2024,SPEEGO VEHICLES CO PVT LTD,0,0,0,0,"1,598",0,0,0,0,0,0,0,0,0,0,0,"1,598"
2024,"S P TRADING, KHURDA",0,0,0,0,0,0,0,0,0,29,0,0,0,0,0,0,29
2024,S R AGRICULTURE EQUIPMENTS CO (P) LTD,0,0,0,0,0,0,0,0,0,0,7,0,0,0,0,0,7
2024,SRD RENEWABLES,0,0,0,0,669,0,0,0,0,0,0,0,0,0,0,0,669
2024,SRI RAJA VINAYAGAA CARGO BUILDERS,0,1,0,0,0,0,0,0,0,155,1,0,0,0,0,0,157
2024,SRI SAI AGRICULTURAL EQUIPMENT,0,0,0,0,0,0,0,0,0,62,0,0,0,0,0,0,62
2024,SRI SAI DURGA ENGG WORKSAP021000001,0,0,0,0,0,0,0,0,0,1,0,0,0,0,0,0,1
2024,SRI SAI ENGINEERING WORKS AP235640703,0,0,0,0,0,0,0,0,0,1,0,0,0,0,0,0,1
2024,SRI SRI MARUTHI ENGINEERING WORKS AP235744011,0,0,0,0,0,0,0,0,0,0,1,0,0,0,0,0,1
2024,"SRI.TIRUMALA AGRO SALES, CHARBAHAL",0,0,0,0,0,0,0,0,0,1,0,0,0,0,0,0,1
2024,SRI VENKATESWARA ENGINEERING WORKS,0,0,0,0,0,0,0,0,0,0,1,0,0,0,0,0,1
2024,S.S. AGRO TECH,0,0,0,0,0,0,0,0,0,0,0,0,0,0,0,1,1
2024,SSB INDISTRIES,0,0,0,0,708,0,0,0,0,0,0,0,0,0,0,0,708
2024,SSEV ENTERPRISES PRIVATE LIMITED,0,0,0,0,349,0,0,0,0,0,0,0,0,0,0,0,349
2024,S S GLOBAL,0,0,0,0,12,0,0,0,0,0,0,0,0,0,0,0,12
2024,SSV TECHNOLOGIES,0,0,0,0,1,0,0,0,0,0,0,0,0,0,0,0,1
2024,STANDARD AGRICULTURE WORKS(R),0,27,0,0,0,0,0,0,0,0,0,0,0,0,0,0,27
2024,STANDARD COMBINES PVT LTD,0,0,0,0,0,0,0,0,0,0,0,0,0,0,0,2,2
2024,STANDARD CORPORATION INDIA LTD,0,0,0,0,0,0,0,1,0,0,41,0,0,3,0,32,77
2024,STANDARD HERALD,0,0,0,0,1,0,0,0,0,0,0,0,0,0,0,0,1
2024,STAR BULL E MOTORS,0,0,0,1,786,0,0,0,0,0,0,0,0,0,0,0,787
2024,STAR IGLOBAL AUTOMOTIVE PVT LTD,0,0,0,0,242,0,0,0,0,0,0,0,0,0,0,0,242
2024,STAR INDUSTRIES,0,0,0,0,36,0,0,0,0,0,0,0,0,0,0,0,36
2024,STAR WELDING WORKS,0,0,0,0,0,0,0,0,0,0,3,0,0,0,0,0,3
2024,SUBHADRA ENGINEERING NUAPADA,0,0,0,0,0,0,0,0,0,23,0,0,0,0,0,0,23
2024,SUDHRAJ ELECTRIC MOBILITY PVT. LTD.,0,0,0,0,135,0,0,0,0,0,0,0,0,0,0,0,135
2024,SUKHDEV AGRO INDUSTRIES,0,0,0,0,0,0,0,0,0,0,0,0,0,0,0,2,2
2024,SUMEC CO LTD (IMPORTER: ROUTE & MARS EV LLP),0,1,0,0,0,0,0,0,0,0,0,0,0,0,0,0,1
2024,SUMFONL AUTO TRADERS PVT LTD,0,0,0,0,106,0,0,0,0,0,0,0,0,0,0,0,106
2024,SUNANDA GREENTECH PVT LTD,0,0,0,0,68,0,0,0,0,0,0,0,0,0,0,0,68
2024,SUNARIYA MOTORS PVT LTD,0,0,0,0,19,0,0,0,0,0,0,0,0,0,0,0,19
2024,SUN AUTO,0,0,0,0,1,0,0,0,0,0,0,0,0,0,0,0,1
2024,SUNIL AGRO ENGINEERING WORKS,0,0,0,0,0,0,0,0,0,14,0,0,0,0,0,0,14
2024,SUN INDUSTRIES,0,0,0,0,96,0,0,0,0,0,0,0,0,0,0,0,96
2024,SUNSET TRADE PVT LTD,0,0,0,0,104,0,0,0,0,0,0,0,0,0,0,0,104
2024,SUNSHINE TECHNOLOGIES,0,0,0,0,3,0,0,0,0,0,0,0,0,0,0,0,3
2024,SUNULTRA POWER SOLUTIONS PVT LTD,0,0,0,0,40,0,0,0,0,0,0,0,0,0,0,0,40
2024,SUPERECO AUTOMOTIVE CO,0,11,0,0,46,0,0,0,0,0,0,0,0,0,0,0,57
2024,SUPER METRO INDUSTRIES,0,0,0,0,349,0,0,0,0,0,0,0,0,0,0,0,349
2024,SUPER POWER MOTORS,0,0,0,0,86,0,0,0,0,0,0,0,0,0,0,0,86
2024,SUPER STANDARD AGRO COMBINE,0,0,0,0,0,0,0,0,0,0,0,0,0,0,0,4,4
2024,SUPERTECH INC,0,0,0,0,957,0,0,0,0,1,0,0,0,0,0,0,958
2024,SUPREME SALES AGENCY,0,0,0,0,27,0,0,0,0,0,0,0,0,0,0,0,27
2024,SUPREME SMART POWER PVT LTD,0,0,0,0,154,0,0,0,0,0,0,0,0,0,0,0,154
2024,SUPROVA ENTERPRISE,0,0,0,0,3,0,0,0,0,0,0,0,0,0,0,0,3
2024,SURAJ ENGINEERING WORKS,0,0,0,0,0,0,0,0,0,0,12,0,0,0,0,0,12
2024,SURINDERA AGRO INSDUSTRIES,0,0,0,0,0,0,0,0,0,0,1,0,0,0,0,86,87
2024,SURYA INTERNATIONAL,0,0,0,0,8,0,0,0,0,0,0,0,0,0,0,0,8
2024,SURYA STEEL WORKS,0,0,0,0,0,0,0,0,0,0,2,0,0,0,0,0,2
2024,SUZUKI MOTORCYCLE INDIA PVT LTD,51,"3,86,719","1,045",0,0,0,0,0,0,0,2,0,0,0,0,0,"3,87,817"
2024,SVS ENTERPRISES,0,0,0,0,14,0,0,0,0,0,0,0,0,0,0,0,14
2024,SWAMI ENGINEERING WORKS,0,0,0,0,0,0,0,0,0,0,2,0,0,0,0,0,2
2024,"SWAPNA FABRICATION WORKS,MALKANGIRI",0,0,0,0,0,0,0,0,0,4,0,0,0,0,0,0,4
2024,SWARAJ AUTOMOTIVES LTD,0,0,0,0,0,0,0,0,0,0,0,1,0,0,4,0,5
2024,SWARNCHAKRA AUTOMOBILES PVT LTD,0,0,0,0,4,0,0,0,0,0,0,0,0,0,0,0,4
2024,SWASTIK ENGINEERING WORKS,0,0,0,0,0,0,0,0,0,6,0,0,0,0,0,0,6
2024,SWITCH MOBILITY AUTOMOTIVE LTD,0,0,0,0,0,0,0,0,138,18,0,0,0,0,0,0,156
2024,SYAN AGRO INDUSTRY,0,0,0,0,0,0,0,0,0,0,0,0,0,0,0,29,29
2024,SYNDICATE AUTO COMPONENTS,0,0,0,0,21,0,0,0,0,0,0,0,0,0,0,0,21
2024,TAFE LIMITED,0,0,0,0,0,0,0,0,0,"1,905","40,874",0,0,51,0,0,"42,830"
2024,T ANIL KUMAR REDDY AP66060052023,0,0,0,0,0,0,0,0,0,0,1,0,0,0,0,0,1
2024,TAO POWER PRIVATE LIMITED,0,0,0,0,1,0,0,0,0,0,0,0,0,0,0,0,1
2024,TARA MAA MACHINERY,0,0,0,0,31,0,0,0,0,0,0,0,0,0,0,0,31
2024,TARLE CONSTRUCTION EQUIPMENTS PVT LTD,0,0,0,0,0,0,0,0,0,0,0,0,0,0,0,9,9
2024,TATA ADVANCED SYSTEMS LTD,0,0,0,0,0,0,168,0,0,172,0,0,1,0,0,0,341
2024,TATA HITACHI CONSTRUCTION MACHINERY COMP. PVT LTD,0,0,0,0,0,0,0,23,0,0,4,0,1,38,0,476,542
2024,TATA INTERNATIONAL DLT PVT LTD,0,0,0,0,0,0,38,0,0,0,0,0,0,0,0,0,38
2024,TATA MOTORS LTD,0,0,0,0,1,1,"64,929",121,"3,425","74,170",876,"9,894","6,248",72,"4,993",267,"1,64,997"
2024,TATA MOTORS PASSENGER VEHICLES LTD,0,0,0,0,0,420,0,0,0,0,"2,01,487",218,0,0,0,0,"2,02,125"
2024,TATA PASSENGER ELECTRIC MOBILITY LTD,0,0,0,0,0,18,0,0,0,0,"23,930","4,007",0,0,0,0,"27,955"
2024,TAURUS ELECTRIC VEHICLES,0,0,0,0,152,0,0,0,0,0,0,0,0,0,0,0,152
2024,TEREX INDIA PRIVATE LIMITED,0,0,0,0,0,0,0,1,0,0,1,0,0,0,0,20,22
2024,TERRA MOTORS INDIA PVT LTD,0,0,0,2,"3,530",0,0,0,0,0,0,0,0,0,0,0,"3,532"
2024,THE COMMERCIAL MOTORS LIMITED,0,0,0,0,4,0,0,0,0,0,0,0,0,0,0,0,4
2024,THE COMMERCIAL MOTORS PVT LTD,0,0,0,0,4,0,0,0,0,0,0,0,0,0,0,0,4
2024,THOKADE ENTERPRISES,0,0,0,0,0,0,0,0,0,0,1,0,0,0,0,0,1
2024,THUKRAL ELECTRIC BIKES PVT LTD,0,7,0,0,"3,788",0,0,0,0,0,0,0,0,0,0,0,"3,795"
2024,TI CLEAN MOBILITY PVT LTD,0,0,0,11,"2,102",0,0,0,0,0,0,0,0,0,0,0,"2,113"
2024,TII INDIA PVT LTD,0,0,0,0,0,0,25,0,0,0,0,0,0,0,0,0,25
2024,TIL LIMITED,0,0,0,0,0,0,0,0,0,0,0,0,0,0,0,1,1
2024,TIRTH AGRO TECHNOLOGY PVT LTD,0,0,0,0,0,0,0,0,0,0,78,0,0,0,0,89,167
2024,TIRTH HYGIENE TECHNOLOGY PVT LTD,0,0,0,0,0,0,0,0,0,0,0,0,0,0,0,2,2
2024,TIRUPATI AGRO INDUSTRIES,0,0,0,0,0,0,0,0,0,0,2,0,0,0,0,0,2
2024,TIRUPATI DISTRIBUTOR,0,0,0,0,0,0,0,0,0,2,0,0,0,0,0,0,2
2024,TOGOR ENGINEERING WORKS,0,0,0,0,0,0,0,0,0,6,0,0,0,0,0,0,6
2024,TOP TEAM MACHINES PVT LTD,0,0,0,0,625,0,0,0,0,0,0,0,0,0,0,0,625
2024,TORK MOTORS PVT LTD,0,872,0,0,0,0,0,0,0,0,1,0,0,0,0,0,873
2024,TOYOTA HIACE GL COMMUTER,0,0,0,0,0,0,0,0,0,0,1,5,0,0,0,1,7
2024,TOYOTA KIRLOSKAR MOTOR PVT LTD,0,0,0,0,0,47,0,0,0,30,"91,412","9,083",0,4,0,1,"1,00,577"
2024,TOYOTA MATERIAL HANDLING INDIA PVT LTD,0,0,0,0,0,0,0,0,0,0,1,0,0,1,0,83,85
2024,TPS INFRASTRUCTURE LTD,0,0,0,0,0,0,0,0,0,0,0,0,0,0,0,9,9
2024,TPS INFRASTRUCTURE LTD.,0,0,0,0,0,0,0,0,0,3,0,0,0,0,0,0,3
2024,TRACLAXX TRACTORS PVT LTD,0,0,0,0,0,0,0,0,0,1,0,0,0,0,0,0,1
2024,TRANSPORT ENGINEERING SOLUTIONS INDIA PVT LTD,0,0,0,0,0,0,18,0,0,0,0,0,0,0,0,0,18
2024,TRATEC ENGINEERS PVT LTD,0,0,0,0,0,0,43,0,0,0,0,0,0,0,0,0,43
2024,TRATICO ENGINEERING INDIA PVT LTD,0,0,0,0,0,0,3,0,0,0,0,0,0,0,0,0,3
2024,TRIMURTI AGRO INDUSTRIES,0,0,0,0,0,0,0,0,0,0,11,0,0,0,0,0,11
2024,TRIMURTI INDUSTRIES,0,0,0,0,0,0,0,0,0,0,1,0,0,0,0,0,1
2024,TRIMURTI TRAILER,0,0,0,0,0,0,0,0,0,0,12,0,0,0,0,0,12
2024,TRINITY ELECTRIC VEHICLES PVT LTD,0,0,0,0,93,0,0,0,0,0,0,0,0,0,0,0,93
2024,TRISHIKA INDUSTRIES,0,0,0,0,303,0,0,0,0,0,0,0,0,0,0,0,303
2024,TRISHUL TRACTORS PVT. LTD.,0,0,0,0,0,0,0,0,0,0,4,0,0,0,0,0,4
2024,TRIUMPH MOTORCYCLES (INDIA) PVT LTD,0,405,0,0,0,0,0,0,0,0,0,0,0,0,0,0,405
2024,TRUZ INDUSTRIES,0,0,0,0,3,0,0,0,0,0,0,0,0,0,0,0,3
2024,TSM ENGINEERING PVT LTD,0,0,0,2,151,0,0,0,0,0,0,0,0,0,0,0,153
2024,TSR TRADE COM,0,0,0,0,7,0,0,0,0,0,0,0,0,0,0,0,7
2024,TUFAN MOTORS PVT LTD,0,0,0,0,345,0,0,0,0,0,0,0,0,0,0,0,345
2024,T U K INDUSTRIES,0,0,0,0,"1,331",0,0,0,0,0,0,0,0,0,0,0,"1,331"
2024,TULSI TRAILER,0,0,0,0,0,0,0,0,0,1,4,0,0,0,0,0,5
2024,TUNWAL E MOTORS PVT LTD,0,13,0,0,0,0,0,0,0,0,0,0,0,0,0,0,13
2024,TVS MOTOR COMPANY LTD,"6,259","13,08,334",600,35,"8,900",2,0,0,0,4,6,0,0,0,0,0,"13,24,140"
2024,TWASHTRE AUTOMOTIVE PVT LTD,0,0,0,0,2,0,0,0,0,0,0,0,0,0,0,0,2
2024,TWENTY TWO MOTORS PVT LTD,0,"1,326",11,0,0,0,0,0,0,0,0,0,0,0,0,0,"1,337"
2024,TWIN GREEN TECH PVT LTD,0,0,0,0,0,0,0,0,1,0,0,0,0,0,0,0,1
2024,TWINKLE TRADCOM PVT LTD,0,0,0,0,337,0,0,0,0,0,0,0,0,0,0,0,337
2024,TWO FRIENDS AUTO ELECTRIC CO,0,0,0,0,"1,452",0,0,0,0,0,0,0,0,0,0,0,"1,452"
2024,TYST DRIVE INDIA PVT LTD,0,6,0,0,0,0,0,0,0,0,0,0,0,0,0,0,6
2024,ULTRAVIOLETTE AUTOMOTIVE PVT LTD,0,77,0,0,0,0,0,0,0,0,0,0,0,0,0,0,77
2024,UMA  AUTO INDUSTRIES PVT. LTD,0,0,0,0,41,0,0,0,0,0,0,0,0,0,0,0,41
2024,UMA MOTORS,0,0,0,0,95,0,0,0,0,0,0,0,0,0,0,0,95
2024,UNIPAVE ENGINEERING PRODUCTS,0,0,0,0,0,0,0,0,0,0,0,0,0,0,0,4,4
2024,UNIQUE AUTO ELECTRIC,0,0,0,0,556,0,0,0,0,0,0,0,0,0,0,0,556
2024,UNIQUE ENTERPRISES,0,0,0,10,"1,502",0,0,0,0,0,0,0,0,0,0,0,"1,512"
2024,UNIQUE INTERNATIONAL,0,0,0,0,"5,556",0,0,0,0,0,0,0,0,0,0,0,"5,556"
2024,UNITED TRANSMOVERS PVT LTD,0,0,0,0,129,0,0,0,0,0,0,0,0,0,0,0,129
2024,U.P. TELELINKS LIMITED,0,0,0,0,"1,272",0,0,0,0,0,0,0,0,0,0,0,"1,272"
2024,URWASHI ENTERPRISES,0,0,0,0,150,0,0,0,0,0,0,0,0,0,0,0,150
2024,USHASONS AUTO COMPONENTS,0,0,0,0,20,0,0,0,0,0,0,0,0,0,0,0,20
2024,UTTAM CONSTRUCTION EQUIPMENTS,0,0,0,0,0,0,0,22,0,0,0,0,0,3,0,47,72
2024,VAHAK FUTURE SOLUTIONS LLP,0,0,0,0,41,0,0,0,0,0,0,0,0,0,0,0,41
2024,VALDO TRACTORS PVT LTD,0,0,0,0,0,0,0,0,0,3,2,0,0,0,0,0,5
2024,VANI ELECTRIC VEHICLES PVT LTD,0,0,0,0,"3,075",0,0,0,0,0,0,0,0,0,0,0,"3,075"
2024,VASHAN AGRICULTURE WORKS,0,0,0,0,0,0,0,0,0,0,0,0,0,0,0,3,3
2024,VEANCO AUTOMOTIVES PVT LTD,0,0,0,0,3,0,0,0,0,0,0,0,0,0,0,0,3
2024,VE COMMERCIAL VEHICLES LTD,0,0,0,0,0,0,"16,190",17,"1,327","4,038",16,"1,211","6,127",8,"3,882",50,"32,866"
2024,VEECTERO E VEHICLES LLP,0,0,0,0,50,0,0,0,0,0,0,0,0,0,0,0,50
2024,VEERA VAHANA UDYOG PRIVATE LIMITED,0,0,0,0,0,0,0,0,0,0,0,0,0,0,8,0,8
2024,VEERBHADRA ENGINEERING WORKS,0,0,0,0,0,0,0,0,0,0,7,0,0,0,0,0,7
2024,VEHICLE FACTORY JABALPUR,0,0,0,0,0,0,0,0,0,0,0,0,0,0,0,10,10
2024,VENKATESHWAR AGRO INDUSTRIES,0,0,0,0,0,0,0,0,0,0,1,0,0,0,0,0,1
2024,VENUS AUTO WHEELS PVT LTD,0,0,0,0,138,0,0,0,0,0,0,0,0,0,0,0,138
2024,VENUS EQUIPMENT,0,0,0,0,0,0,0,0,0,0,0,0,0,0,0,67,67
2024,VERT EQUIPMENT PVT LTD,0,0,0,0,0,0,0,1,0,0,0,0,0,2,0,3,6
2024,VICTORIA E VEHICLES PVT. LTD,0,0,0,0,2,0,0,0,0,0,0,0,0,0,0,0,2
2024,VICTORY ELECTRIC INTERNATIONAL,0,0,0,0,985,0,0,0,0,0,0,0,0,0,0,0,985
2024,VIDARBHA TRAILERS,0,0,0,0,0,0,0,0,0,0,25,0,0,0,0,0,25
2024,VIJAYA ELECTRIC AUTO PVT LTD,0,0,0,0,112,0,0,0,0,0,0,0,0,0,0,0,112
2024,VIJAYALAKSHIMI ENGG WORKS,0,0,0,0,0,0,0,0,0,1,1,0,0,0,0,0,2
2024,VIJAYALAKSHMI INDUSTRIES,0,0,0,0,0,0,0,0,0,1,0,0,0,0,0,0,1
2024,VIJAYLAXMI ENGINEERING,0,0,0,0,0,0,4,0,0,1,0,0,0,0,0,0,5
2024,VIJAYS COOLMAX PRIVATE LIMITED,0,0,0,0,"2,147",0,0,0,0,0,0,0,0,0,0,0,"2,147"
2024,VIJAYSHREE AUTOCOM LIMITED,0,0,0,0,83,0,0,0,0,0,0,0,0,0,0,0,83
2024,VIJEX STEEL FABRICATION,0,0,0,0,16,0,0,0,0,0,0,0,0,0,0,0,16
2024,VIKAS AGRO INDUSTRIES,0,0,0,0,0,0,0,0,0,0,1,0,0,0,0,0,1
2024,VIKASH ENGINEERING WORKS,0,0,0,0,0,0,0,0,0,0,3,0,0,0,0,0,3
2024,VIKAS TRAILORS BODY BUILDING WORKS AP213154392,0,0,0,0,0,0,0,0,0,1,1,0,0,0,0,0,2
2024,VIKRANT ENGINEERING,0,0,0,0,0,0,0,0,0,31,0,0,0,0,0,0,31
2024,VIMAL UNIVERSAL TRADE PVT LTD,0,0,0,0,512,0,0,0,0,0,0,0,0,0,0,0,512
2024,VINA ENGINEERING WORKS,0,0,0,0,0,0,0,0,0,0,7,0,0,0,0,0,7
2024,VINCI INDUSTRIAL CORPORATION,0,0,0,0,13,0,0,0,0,0,0,0,0,0,0,0,13
2024,VINTAGE VEHICLES,0,1,0,0,0,0,0,0,0,10,10,0,0,0,0,1,22
2024,VISHALA E-VEHICLES INDUSTRIES PRIVATE LIMITED,0,0,0,0,18,0,0,0,0,0,0,0,0,0,0,0,18
2024,VISHAL AGRICULTURAL WORKS,0,0,0,0,0,0,0,0,0,0,0,0,0,0,0,11,11
2024,VISHAL ENTERPRISES,0,0,0,0,13,0,0,0,0,0,0,0,0,0,0,0,13
2024,VISHAVKARMA ENGINEERING WORKS,0,0,0,0,0,0,0,0,0,0,0,0,0,0,0,226,226
2024,VISHWAKARMA AGRICULTURE UDHYOG,0,0,0,0,0,0,0,0,0,0,54,0,0,0,0,0,54
2024,VISHWAKARMA GNG INDUSTRY,0,0,0,0,82,0,0,0,0,0,0,0,0,0,0,0,82
2024,VISHWARUP ENTERPRISE,0,0,0,0,2,0,0,0,0,0,0,0,0,0,0,0,2
2024,VISWAKARMA AGRO INDUSTRIES,0,0,0,0,0,0,0,0,0,0,2,0,0,0,0,0,2
2024,"VISWANATH INDUSTRIES,BBSR",0,0,0,0,0,0,0,0,0,18,0,0,0,0,0,0,18
2024,VMP CONCRETE EQUIPMENTS PVT LTD,0,0,0,0,0,0,0,0,0,0,1,0,0,0,0,2,3
2024,VMT INDUSTRIES PVT LTD,0,0,0,0,0,0,124,0,0,0,0,0,0,0,0,0,124
2024,VOLKSWAGEN INDIA PVT LTD,0,0,0,0,0,0,0,0,0,0,3,0,0,0,0,0,3
2024,VOLTAS LIMITED,0,0,0,0,0,0,0,0,0,0,16,0,0,1,0,1,18
2024,VOLVO AUTO INDIA PVT LTD,0,0,0,0,0,1,0,0,0,0,837,0,0,0,0,0,838
2024,VOLVO CE INDIA PRIVATE LIMITED,0,0,0,0,0,0,0,12,0,0,1,0,0,3,0,236,252
2024,"VOLVO GROUP INDIA PVT. LTD, BUSES DIVISION",0,0,0,0,0,0,0,0,200,0,0,0,0,0,0,0,200
2024,VOLVO INDIA PVT LTD,0,0,0,0,0,0,400,2,0,0,1,0,0,0,0,13,416
2024,VOLVO TRUCKS CORPORATION,0,0,0,0,0,0,2,0,0,0,0,0,0,0,0,0,2
2024,VORC MOTORS PVT LTD,0,0,0,0,3,0,0,0,0,0,0,0,0,0,0,0,3
2024,VRINDA ENTERPRISES,0,0,0,0,652,0,0,0,0,0,0,0,0,0,0,0,652
2024,VSL INDUSTRIES,0,0,0,0,1,0,0,0,0,0,0,0,0,0,0,0,1
2024,V.S.T. TILLERS TRACTORS LIMITED,0,0,0,0,0,0,0,0,0,29,"1,444",0,0,5,0,0,"1,478"
2024,VST ZETOR PVT LTD,0,0,0,0,0,0,0,0,0,0,1,0,0,0,0,0,1
2024,V.V.A.AUTO INDUSTRIES PVT.LTD,0,0,0,0,3,0,0,0,0,0,0,0,0,0,0,0,3
2024,WAKEN MULTITECH PVT LTD,0,0,0,0,0,0,0,0,0,0,0,0,0,0,0,3,3
2024,WARDWIZARD INNOVATIONS & MOBILITY LIMITED,0,"5,356",0,0,17,0,0,0,0,0,0,0,0,0,0,0,"5,373"
2024,WARIVO MOTOR INDIA PVT LTD,0,19,0,0,0,0,0,0,0,0,0,0,0,0,0,0,19
2024,WASAN E-MOBILITY SOLUTIONS PVT LTD,0,0,0,0,19,0,0,0,0,0,0,0,0,0,0,0,19
2024,WELKIN HEALTHCARE PVT LTD,0,0,0,0,23,0,0,0,0,0,0,0,0,0,0,0,23
2024,WHITE CARBON MOTORS PVT LTD,0,17,0,0,0,0,0,0,0,0,0,0,0,0,0,0,17
2024,WILLYS INDIA LTD,0,0,0,0,0,0,0,0,0,0,1,0,0,0,0,0,1
2024,WIRTGEN INDIA PVT LTD,0,0,0,0,0,0,0,1,0,1,2,0,0,10,0,263,277
2024,WUXI DONGMA (IMPORTER: DYNAM PRECISION),0,6,0,0,0,0,0,0,0,0,0,0,0,0,0,0,6
2024,WUXI JIYAYI (IMPORTER: IZANAU ELECTRIC LLP),0,51,0,0,0,0,0,0,0,0,0,0,0,0,0,0,51
2024,WUXI MAYA (IMPORTER: DYNAMO ELECTRIC P. LTD.),0,59,0,0,0,0,0,0,0,0,0,0,0,0,0,0,59
2024,WUXI NOOMA (IMPORTER: KKL HITECH EV),0,1,0,0,0,0,0,0,0,0,0,0,0,0,0,0,1
2024,WUXI NOOMA (IMPORTER: SMARTNK  ELECTRIC VEHICLE),0,2,0,0,0,0,0,0,0,0,0,0,0,0,0,0,2
2024,WUXI SAIGE ELECTRIC (IMPORTER: DELTA AUTOCORP LLP),0,87,0,0,0,0,0,0,0,0,0,0,0,0,0,0,87
2024,WUXI SAIGE ELECTRIC (IMPORTER: GLORIOUS DIGITAL),0,3,0,0,0,0,0,0,0,0,0,0,0,0,0,0,3
2024,WUXI SAIGE (IMPORTER: DM GREEN ENERGY),0,11,0,0,1,0,0,0,0,0,0,0,0,0,0,0,12
2024,WUXI SAIGE (IMPORTER: ELECTRO-TECH),0,9,0,0,0,0,0,0,0,0,0,0,0,0,0,0,9
2024,WUXI SAIGE (IMPORTER: E-VISHWA ELECTOBIKE),0,4,0,0,0,0,0,0,0,0,0,0,0,0,0,0,4
2024,WUXI SAIGE (IMPORTER: NGAGE IMPEX),0,7,0,0,0,0,0,0,0,0,0,0,0,0,0,0,7
2024,WUXI SAIGE (IMPORTER: WARIVO MOTOR),0,270,0,0,0,0,0,0,0,0,0,0,0,0,0,0,270
2024,WUXI SAIGE (IMPORTER: ZELIO AUTO PVT.LTD.),0,15,0,0,0,0,0,0,0,0,0,0,0,0,0,0,15
2024,WUXI SHENGBAO (IMPORTER:ELECTRIC ONE ENERGY),0,36,0,0,0,0,0,0,0,0,0,0,0,0,0,0,36
2024,WUXI SHENGBAO (IMPORTER:SHEMA E-VEHICLE),0,1,0,0,0,0,0,0,0,0,0,0,0,0,0,0,1
2024,WUXI TENGHUI (IMPORTER: BOHRE ELECTRIC),0,6,0,0,0,0,0,0,0,0,0,0,0,0,0,0,6
2024,WUXI TENGHUI (IMPORTER: FEZORA INDIA),0,10,0,0,0,0,0,0,0,0,0,0,0,0,0,0,10
2024,WUXI TENGHUI (IMPORTER: FLYCON MOTORS),0,126,0,0,0,0,0,0,0,0,0,0,0,0,0,0,126
2024,WUXI TENGHUI (IMPORTER: FRANKLIN EV INDIA),0,5,0,0,0,0,0,0,0,0,0,0,0,0,0,0,5
2024,WUXI TENGHUI (IMPORTER: HOP ELECTRIC MOBILITY),0,132,0,0,0,0,0,0,0,0,0,0,0,0,0,0,132
2024,WUXI TENGHUI (IMPORTER: JAIDKA POWER),0,1,0,0,0,0,0,0,0,0,0,0,0,0,0,0,1
2024,WUXI TENGHUI (IMPORTER: JOZHI SERVICES),0,20,0,0,0,0,0,0,0,0,0,0,0,0,0,0,20
2024,WUXI TENGHUI (IMPORTER: RADHA MOBILITIES LLP),0,6,0,0,0,0,0,0,0,0,0,0,0,0,0,0,6
2024,WUXI TENGHUI (IMPORTER: REMARK ELECTRIC),0,4,0,0,0,0,0,0,0,0,0,0,0,0,0,0,4
2024,WUXI TENGHUI (IMPORTER: SEEKA E MOTORS),0,133,0,0,0,0,0,0,0,0,0,0,0,0,0,0,133
2024,WUXI TENGHUI INTERNATIONAL (IMPORTER: FEZORA),0,15,0,0,0,0,0,0,0,0,0,0,0,0,0,0,15
2024,WUXI TENGHUI INTERNATIONAL (IMPORTER: FRANKLIN EV),0,12,0,0,0,0,0,0,0,0,0,0,0,0,0,0,12
2024,WUXI TOURWE (IMPORTER: GOREEN E-MOBILITY),0,80,0,0,0,0,0,0,0,0,0,0,0,0,0,0,80
2024,XL MOTORS AND ENGINEERING,0,0,0,0,2,0,0,0,0,0,0,0,0,0,0,0,2
2024,"XUZHOU CONSTRUCTION MACHINERY GROUP CO. LTD, CHINA",0,0,0,0,0,0,9,15,0,0,0,0,0,0,0,82,106
2024,XYZ,0,0,0,3,35,0,0,0,0,0,0,0,0,0,0,0,38
2024,XYZ2,0,0,0,0,0,0,0,0,0,32,0,0,0,0,0,0,32
2024,YAARI AUTOMOBILES PVT LTD,0,0,0,0,57,0,0,0,0,0,0,0,0,0,0,0,57
2024,YAGYAPRIYAA CONSTRUCTION EQUIPMENT INDIA PVT LTD,0,0,0,0,0,0,0,0,0,0,0,0,0,0,0,2,2
2024,YANGGUANG LINGMU (IMPORTER: DAWNGATE BUSINESS),0,1,0,0,0,0,0,0,0,0,0,0,0,0,0,0,1
2024,YANGGUANG LINGMU (IMPORTER: ECOINDIA),0,1,0,0,0,0,0,0,0,0,0,0,0,0,0,0,1
2024,YANGGUANG LINGMU (IMPORTER: FLYCON MOTORS),0,81,0,0,0,0,0,0,0,0,0,0,0,0,0,0,81
2024,YANGGUANG LINGMU (IMPORTER: REMARK ELECTRIC),0,10,0,0,0,0,0,0,0,0,0,0,0,0,0,0,10
2024,YANGGUANG LINGMU (IMPORTER: XWLS ELECTRIC),0,11,0,0,0,0,0,0,0,0,0,0,0,0,0,0,11
2024,YASH AGRO ENGINEERING WORKS,0,0,0,0,0,0,0,0,0,0,1,0,0,0,0,0,1
2024,YC ELECTRIC VEHICLE,0,0,0,0,"16,880",0,0,0,0,0,0,0,0,0,0,0,"16,880"
2024,YOUYAKU ELECTRIC (IMPORTER: HOUSTAN INNOVATION),0,86,0,0,0,0,0,0,0,0,0,0,0,0,0,0,86
2024,YOUYAKU ELECTRIC (IMPORTER:IME VEHICLES PVT LTD),0,196,0,0,0,0,0,0,0,0,0,0,0,0,0,0,196
2024,YOUYAKU ELECTRIC (IMPORTER:KRISHIKA EV INDIA),0,20,0,0,0,0,0,0,0,0,0,0,0,0,0,0,20
2024,YOUYAKU ELECTRIC (IMPORTER:NEWTRON ELECTRIC),0,53,0,0,0,0,0,0,0,0,0,0,0,0,0,0,53
2024,YOUYAKU ELECTRIC (IMPORTER:ONZO EV),0,25,0,0,0,0,0,0,0,0,0,0,0,0,0,0,25
2024,YOUYAKU ELECTRIC (IMPORTER: SASDAL ENTERPRISES),0,84,0,0,0,0,0,0,0,0,0,0,0,0,0,0,84
2024,YOUYAKU ELECTRIC (IMPORTER: SHEMA E-VEHICLE),0,2,0,0,0,0,0,0,0,0,0,0,0,0,0,0,2
2024,YOUYAKU ELECTRIC (IMPORTER: SMOBILITY EV),0,1,0,0,0,0,0,0,0,0,0,0,0,0,0,0,1
2024,YOUYAKU ELECTRIC (IMPORTER: TVISI ELECTRIC),0,4,0,0,0,0,0,0,0,0,0,0,0,0,0,0,4
2024,ZAP (HK) (IMPORTER: IZANAU ELECTRIC),0,30,0,0,0,0,0,0,0,0,0,0,0,0,0,0,30
2024,ZAP (IMPORTER:ELLYSIUM AUTOMOTIVES PVT LTD),0,6,0,0,0,0,0,0,0,0,0,0,0,0,0,0,6
2024,ZENIAK INNOVATION INDIA LTD,0,0,0,0,"1,367",0,0,0,0,0,0,0,0,0,0,0,"1,367"
2024,ZENMO PRIVATE LIMITED,0,0,0,0,254,0,0,0,0,0,0,0,0,0,0,0,254
2024,ZEOPLUS AXIS INDIA PVT. LTD.,0,0,0,0,"2,310",0,0,0,0,0,0,0,0,0,0,0,"2,310"
2024,ZERO 21 RENEWABLE ENERGY SOLUTIONS PVT LTD,0,0,0,0,43,0,0,0,0,0,0,0,0,0,0,0,43
2024,ZHEJIANG CFMOTO (IMPORTER: ADISHWAR AUTO),0,16,0,0,0,0,0,0,0,0,0,0,0,0,0,0,16
2024,ZHEJIANG CHANGLING (IMPORTER: ADISHWAR AUTO),0,63,0,0,0,0,0,0,0,0,0,0,0,0,0,0,63
2024,ZHEJIANG LUYUAN (IMPORTER: DYNAM EV TECH),0,7,0,0,0,0,0,0,0,0,0,0,0,0,0,0,7
2024,ZHEJIANG MORNI (IMPORTER: ADISHWAR AUTO),0,10,0,0,0,0,0,0,0,0,0,0,0,0,0,0,10
2024,ZHEJIANG QIANJIANG (IMPORTER: ADISHWAR AUTO),0,83,0,0,0,0,0,0,0,0,0,0,0,0,0,0,83
2024,ZHEJIANG TIANYING  (IMPORTER: NEWTRON ELECTRIC),0,6,0,0,0,0,0,0,0,0,0,0,0,0,0,0,6
2024,ZHONGHUALONG (IMPORTER: POWORO PVT LTD),0,22,0,0,0,0,0,0,0,0,0,0,0,0,0,0,22
2024,ZHONGXING (IMPORTER:GREENO AUTOMOBILE),0,5,0,0,0,0,0,0,0,0,0,0,0,0,0,0,5
2024,ZOHAN TRADERS AND BIG METRO,0,0,0,0,47,0,0,0,0,0,0,0,0,0,0,0,47
2024,ZOOMLION INDIA PVT LTD,0,0,0,0,0,0,0,9,0,1,0,0,0,0,0,58,68
2024,ZUBEDA TROLLY REPAIRING WORKS,0,0,0,0,0,0,0,0,0,19,0,0,0,0,0,0,19
